kind,number,pdf_page,unit
eq,1,100,ch2-intro-sec1
eq,2,105,ch2-intro-sec1
eq,3,105,ch2-intro-sec1
eq,4,108,ch2-intro-sec1
eq,5,108,ch2-intro-sec1
eq,6,109,ch2-intro-sec1
eq,7,113,ch2-sec2
eq,8,114,ch2-sec2
eq,9,114,ch2-sec2
eq,10,118,ch2-sec2
eq,11,119,ch2-sec2
eq,12,119,ch2-sec2
eq,13,120,ch2-sec2
eq,14,121,ch2-sec2
eq,15,124,ch2-sec3a
eq,16,126,ch2-sec3a
eq,17,126,ch2-sec3a
eq,18,126,ch2-sec3a
eq,19,127,ch2-sec3a
eq,20,129,ch2-sec3a
eq,21,131,ch2-sec3a
eq,22,132,ch2-sec3a
eq,23,134,ch2-sec3a
eq,24,134,ch2-sec3a
eq,25,137,ch2-sec3a
eq,26,137,ch2-sec3a
eq,27a,142,ch2-sec3a
eq,27b,142,ch2-sec3a
eq,28,142,ch2-sec3a
eq,29,142,ch2-sec3a
eq,30,143,ch2-sec3a
eq,31a,143,ch2-sec3a
eq,31b,143,ch2-sec3a
eq,32a,146,ch2-sec3a
eq,32b,147,ch2-sec3a
eq,33,147,ch2-sec3a
eq,34a,147,ch2-sec3a
eq,34b,147,ch2-sec3a
eq,35,147,ch2-sec3a
eq,36a,149,ch2-sec3a
eq,36b,149,ch2-sec3a
eq,37a,154,ch2-sec3b
eq,37b,154,ch2-sec3b
eq,38,154,ch2-sec3b
eq,39,156,ch2-sec3b
eq,40,156,ch2-sec3b
eq,41a,158,ch2-sec3b
eq,41b,158,ch2-sec3b
eq,42a,158,ch2-sec3b
eq,42b,158,ch2-sec3b
eq,43a,159,ch2-sec3b
eq,43b,159,ch2-sec3b
eq,44,161,ch2-sec3b
eq,45a,163,ch2-sec3b
eq,45b,164,ch2-sec3b
eq,46,164,ch2-sec3b
eq,47,164,ch2-sec3b
eq,48a,164,ch2-sec3b
eq,48b,165,ch2-sec3b
eq,49a,167,ch2-sec3b
eq,49b,167,ch2-sec3b
eq,50,167,ch2-sec3b
eq,51,168,ch2-sec3c
eq,52a,172,ch2-sec3c
eq,52b,173,ch2-sec3c
eq,53a,173,ch2-sec3c
eq,53b,173,ch2-sec3c
eq,53c,173,ch2-sec3c
eq,53d,173,ch2-sec3c
eq,54,178,ch2-sec3c
eq,55,182,ch2-sec3c
eq,56a,182,ch2-sec3c
eq,56b,182,ch2-sec3c
eq,57a,182,ch2-sec3c
eq,57b,182,ch2-sec3c
eq,58a,185,ch2-sec3c
eq,58b,185,ch2-sec3c
eq,59a,185,ch2-sec3c
eq,59b,185,ch2-sec3c
eq,60a,187,ch2-sec3c
eq,60b,187,ch2-sec3c
eq,61,194,ch2-sec3d
eq,62a,194,ch2-sec3d
eq,62b,194,ch2-sec3d
eq,63a,196,ch2-sec3d
eq,63b,196,ch2-sec3d
eq,64a,196,ch2-sec3d
eq,64b,196,ch2-sec3d
eq,65a,199,ch2-sec3d
eq,65b,199,ch2-sec3d
eq,66a,199,ch2-sec3d
eq,66b,199,ch2-sec3d
eq,67,200,ch2-sec3d
eq,68a,204,ch2-sec3d
eq,68b,204,ch2-sec3d
eq,69,205,ch2-sec3d
eq,70,205,ch2-sec3d
eq,71,205,ch2-sec3d
eq,72,205,ch2-sec3d
eq,73a,206,ch2-sec3d
eq,73b,206,ch2-sec3d
eq,74a,206,ch2-sec3d
eq,74b,206,ch2-sec3d
eq,75,206,ch2-sec3d
eq,76,209,ch2-sec3d
eq,77,209,ch2-sec3d
eq,78a,209,ch2-sec3d
eq,78b,209,ch2-sec3d
eq,79,220,ch2-sec4
eq,80a,221,ch2-sec4
eq,80b,221,ch2-sec4
eq,80c,221,ch2-sec4
eq,80d,221,ch2-sec4
eq,81,221,ch2-sec4
eq,82,221,ch2-sec4
eq,83,221,ch2-sec4
eq,84,223,ch2-sec4
eq,85,225,ch2-sec4
eq,86,225,ch2-sec4
eq,87,225,ch2-sec4
eq,88,225,ch2-sec4
eq,89,226,ch2-sec4
eq,90,226,ch2-sec4
eq,91,226,ch2-sec4
eq,92,226,ch2-sec4
eq,93,230,ch2-sec4
eq,94,230,ch2-sec4
eq,95,231,ch2-sec4
eq,96,231,ch2-sec4
eq,97,232,ch2-sec4
eq,98,232,ch2-sec4
eq,99,232,ch2-sec4
eq,100,233,ch2-sec4
eq,101a,233,ch2-sec4
eq,101b,235,ch2-sec4
eq,102,237,ch2-sec4
eq,103a,237,ch2-sec4
eq,103b,237,ch2-sec4
eq,104,240,ch2-sec4
eq,105a,241,ch2-sec4
eq,105b,241,ch2-sec4
eq,106,241,ch2-sec4
eq,107,242,ch2-sec4
eq,108a,242,ch2-sec4
eq,108b,243,ch2-sec4
eq,109,243,ch2-sec4
eq,110,249,ch2-sec5
eq,111,252,ch2-sec5
eq,112,252,ch2-sec5
eq,113,263,ch2-sec5
eq,114,263,ch2-sec5
eq,115,281,ch2-sec6
eq,116,283,ch2-sec6
eq,117,283,ch2-sec6
fig,1,98,ch2-intro-sec1
fig,2,102,ch2-intro-sec1
fig,3,102,ch2-intro-sec1
fig,4,103,ch2-intro-sec1
fig,5,107,ch2-intro-sec1
fig,6,110,ch2-intro-sec1
fig,7,112,ch2-sec2
fig,8,112,ch2-sec2
fig,9,115,ch2-sec2
fig,10,128,ch2-sec3a
fig,11,130,ch2-sec3a
fig,12,135,ch2-sec3a
fig,13,138,ch2-sec3a
fig,14,140,ch2-sec3a
fig,15,140,ch2-sec3a
fig,16,144,ch2-sec3a
fig,17,144,ch2-sec3a
fig,18,148,ch2-sec3a
fig,19,148,ch2-sec3a
fig,20,151,ch2-sec3b
fig,21,155,ch2-sec3b
fig,22,157,ch2-sec3b
fig,23,157,ch2-sec3b
fig,24,166,ch2-sec3b
fig,25,166,ch2-sec3b
fig,26,188,ch2-sec3c
fig,27,190,ch2-sec3c
fig,28,198,ch2-sec3d
fig,29,201,ch2-sec3d
fig,30,207,ch2-sec3d
fig,31,207,ch2-sec3d
fig,32,219,ch2-sec4
fig,33,219,ch2-sec4
fig,34,222,ch2-sec4
fig,35,222,ch2-sec4
fig,36,224,ch2-sec4
fig,37,228,ch2-sec4
fig,38,234,ch2-sec4
fig,39,236,ch2-sec4
fig,40,236,ch2-sec4
fig,41,239,ch2-sec4
fig,42,244,ch2-sec4
fig,43,248,ch2-sec5
fig,44,254,ch2-sec5
fig,45,258,ch2-sec5
fig,46,260,ch2-sec5
fig,47,262,ch2-sec5
fig,48,266,ch2-sec6
fig,49,273,ch2-sec6
fig,50,274,ch2-sec6
fig,51,282,ch2-sec6
fig,52,687,ch2-sec6
plate,1,267,ch2-sec6
