t,F
0.0000,0.000
0.0021,0.220
0.0035,0.220
0.0050,0.256
0.0064,0.440
0.0078,0.659
0.0092,0.879
0.0106,0.989
0.0121,1.136
0.0135,1.245
0.0149,1.392
0.0163,1.502
0.0177,1.648
0.0191,1.758
0.0206,1.905
0.0220,2.015
0.0234,2.161
0.0248,2.308
0.0262,2.491
0.0277,2.637
0.0291,2.784
0.0305,2.894
0.0319,3.040
0.0333,3.150
0.0348,3.297
0.0362,3.443
0.0376,3.626
0.0390,3.810
0.0404,3.956
0.0418,4.103
0.0433,4.286
0.0447,4.469
0.0461,4.615
0.0475,4.762
0.0489,4.908
0.0504,5.092
0.0518,5.238
0.0532,5.421
0.0546,5.604
0.0560,5.751
0.0574,5.897
0.0589,6.044
0.0603,6.264
0.0617,6.447
0.0631,6.593
0.0645,6.740
0.0660,6.923
0.0674,7.143
0.0688,7.363
0.0702,7.546
0.0716,7.766
0.0730,7.985
0.0745,8.168
0.0759,8.352
0.0773,8.498
0.0787,8.718
0.0801,8.901
0.0816,9.084
0.0830,9.231
0.0844,9.377
0.0858,9.524
0.0872,9.707
0.0887,9.890
0.0901,10.146
0.0915,10.330
0.0929,10.513
0.0943,10.659
0.0957,10.879
0.0972,11.099
0.0986,11.319
0.1000,11.465
0.1000,11.612
0.1014,11.722
0.1028,11.941
0.1042,12.161
0.1056,12.418
0.1070,12.637
0.1085,12.894
0.1099,13.114
0.1113,13.333
0.1127,13.517
0.1141,13.773
0.1155,14.029
0.1169,14.286
0.1183,14.505
0.1197,14.725
0.1211,14.945
0.1225,15.165
0.1239,15.421
0.1254,15.678
0.1268,15.934
0.1282,16.191
0.1296,16.447
0.1310,16.703
0.1324,16.923
0.1338,17.143
0.1352,17.363
0.1366,17.656
0.1380,17.949
0.1394,18.242
0.1408,18.462
0.1423,18.718
0.1437,19.011
0.1451,19.304
0.1465,19.560
0.1479,19.817
0.1493,20.110
0.1507,20.403
0.1521,20.659
0.1535,20.916
0.1549,21.209
0.1563,21.502
0.1577,21.795
0.1592,22.088
0.1606,22.418
0.1620,22.747
0.1634,23.040
0.1648,23.370
0.1662,23.663
0.1676,23.956
0.1690,24.249
0.1704,24.579
0.1718,24.908
0.1732,25.201
0.1746,25.531
0.1761,25.861
0.1775,26.191
0.1789,26.483
0.1803,26.850
0.1817,27.253
0.1831,27.656
0.1845,28.022
0.1859,28.352
0.1873,28.681
0.1887,29.084
0.1901,29.487
0.1915,29.890
0.1930,30.251
0.1944,30.645
0.1958,31.075
0.1972,31.470
0.1986,31.756
0.2000,32.007
0.2014,32.151
0.2028,32.294
0.2042,32.294
0.2056,32.222
0.2070,32.007
0.2084,31.720
0.2098,31.326
0.2112,30.824
0.2126,30.287
0.2140,29.707
0.2154,29.194
0.2168,28.645
0.2182,28.169
0.2196,27.656
0.2210,27.143
0.2224,26.630
0.2238,26.154
0.2252,25.678
0.2266,25.201
0.2280,24.725
0.2294,24.286
0.2308,23.846
0.2322,23.407
0.2336,22.967
0.2350,22.527
0.2364,22.088
0.2378,21.648
0.2392,21.209
0.2406,20.806
0.2420,20.440
0.2434,20.073
0.2448,19.707
0.2462,19.304
0.2476,18.901
0.2490,18.535
0.2504,18.169
0.2517,17.839
0.2531,17.473
0.2545,17.106
0.2559,16.740
0.2573,16.374
0.2587,16.007
0.2601,15.678
0.2615,15.311
0.2629,14.982
0.2643,14.652
0.2657,14.359
0.2671,14.066
0.2685,13.736
0.2699,13.443
0.2713,13.150
0.2727,12.820
0.2741,12.491
0.2755,12.161
0.2769,11.832
0.2783,11.502
0.2797,11.209
0.2811,10.989
0.2825,10.769
0.2839,10.513
0.2853,10.220
0.2867,9.927
0.2881,9.634
0.2895,9.377
0.2909,9.084
0.2923,8.828
0.2937,8.571
0.2951,8.315
0.2965,8.059
0.2979,7.802
0.2993,7.582
0.3007,7.363
0.3021,7.106
0.3034,6.850
0.3048,6.593
0.3062,6.410
0.3075,6.190
0.3089,5.971
0.3103,5.714
0.3116,5.531
0.3130,5.275
0.3144,5.055
0.3158,4.835
0.3171,4.689
0.3185,4.505
0.3199,4.286
0.3212,4.066
0.3226,3.846
0.3240,3.626
0.3253,3.443
0.3267,3.260
0.3281,3.114
0.3295,2.930
0.3308,2.784
0.3322,2.637
0.3336,2.491
0.3349,2.308
0.3363,2.088
0.3377,1.868
0.3390,1.722
0.3404,1.575
0.3418,1.465
0.3432,1.282
0.3445,1.099
0.3459,0.916
0.3473,0.806
0.3486,0.696
0.3500,0.000
