beta,zeta
0.44721,0.00000
0.44729,0.01171
0.44752,0.02340
0.44790,0.03506
0.44844,0.04668
0.44912,0.05825
0.44996,0.06975
0.45095,0.08116
0.45209,0.09249
0.45337,0.10370
0.45480,0.11480
0.45638,0.12577
0.45809,0.13660
0.45995,0.14728
0.46195,0.15780
0.46408,0.16815
0.46635,0.17833
0.46875,0.18833
0.47128,0.19814
0.47394,0.20775
0.47672,0.21717
0.47962,0.22638
0.48264,0.23538
0.48578,0.24418
0.48903,0.25276
0.49240,0.26112
0.49587,0.26927
0.49945,0.27720
0.50313,0.28491
0.50690,0.29241
0.51078,0.29969
0.51475,0.30675
0.51881,0.31359
0.52296,0.32022
0.52719,0.32664
0.53151,0.33286
0.53591,0.33886
0.54038,0.34466
0.54493,0.35025
0.54955,0.35565
0.55424,0.36086
0.55899,0.36587
0.56382,0.37069
0.56870,0.37532
0.57364,0.37978
0.57864,0.38405
0.58369,0.38815
0.58880,0.39208
0.59396,0.39584
0.59916,0.39944
0.60441,0.40288
0.60971,0.40616
0.61505,0.40928
0.62042,0.41226
0.62584,0.41509
0.63129,0.41778
0.63678,0.42032
0.64229,0.42274
0.64784,0.42501
0.65342,0.42716
0.65903,0.42918
0.66466,0.43108
0.67031,0.43286
0.67599,0.43452
0.68169,0.43606
0.68740,0.43750
0.69314,0.43882
0.69889,0.44004
0.70466,0.44115
0.71044,0.44216
0.71623,0.44307
0.72204,0.44388
0.72785,0.44460
0.73368,0.44523
0.73951,0.44577
0.74535,0.44622
0.75119,0.44658
0.75704,0.44686
0.76289,0.44706
0.76874,0.44717
0.77460,0.44721
0.78045,0.44718
0.78630,0.44706
0.79215,0.44688
0.79800,0.44662
0.80385,0.44629
0.80969,0.44589
0.81552,0.44543
0.82135,0.44490
0.82717,0.44431
0.83298,0.44365
0.83878,0.44293
0.84457,0.44215
0.85036,0.44132
0.85613,0.44042
0.86189,0.43947
0.86763,0.43846
0.87337,0.43740
0.87908,0.43628
0.88479,0.43511
0.89047,0.43389
0.89615,0.43262
0.90180,0.43130
0.90744,0.42993
0.91306,0.42852
0.91866,0.42705
0.92424,0.42554
0.92980,0.42399
0.93534,0.42239
0.94085,0.42075
0.94635,0.41906
0.95182,0.41733
0.95728,0.41556
0.96270,0.41375
0.96811,0.41190
0.97349,0.41001
0.97884,0.40809
0.98417,0.40612
0.98947,0.40412
0.99475,0.40208
1.00000,0.40000
1.00522,0.39789
1.01042,0.39574
1.01558,0.39356
1.02072,0.39134
1.02583,0.38909
1.03091,0.38681
1.03595,0.38450
1.04097,0.38215
1.04596,0.37977
1.05091,0.37736
1.05584,0.37493
1.06073,0.37246
1.06559,0.36996
1.07042,0.36743
1.07521,0.36487
1.07997,0.36229
1.08469,0.35968
1.08938,0.35703
1.09404,0.35437
1.09866,0.35167
1.10325,0.34895
1.10780,0.34621
1.11231,0.34344
1.11679,0.34064
1.12123,0.33782
1.12563,0.33497
1.13000,0.33210
1.13433,0.32921
1.13862,0.32629
1.14287,0.32335
1.14708,0.32039
1.15126,0.31741
1.15539,0.31440
1.15949,0.31137
1.16354,0.30832
1.16756,0.30525
1.17153,0.30216
1.17547,0.29905
1.17936,0.29592
1.18322,0.29277
1.18703,0.28960
1.19080,0.28641
1.19453,0.28320
1.19821,0.27997
1.20186,0.27673
1.20546,0.27347
1.20901,0.27018
1.21253,0.26689
1.21600,0.26357
1.21943,0.26024
1.22281,0.25689
1.22616,0.25352
1.22945,0.25014
1.23270,0.24674
1.23591,0.24333
1.23907,0.23990
1.24219,0.23646
1.24526,0.23300
1.24829,0.22953
1.25127,0.22604
1.25421,0.22254
1.25710,0.21903
1.25994,0.21550
1.26274,0.21196
1.26549,0.20841
1.26820,0.20484
1.27086,0.20126
1.27347,0.19767
1.27603,0.19407
1.27855,0.19045
1.28102,0.18683
1.28344,0.18319
1.28581,0.17954
1.28814,0.17588
1.29042,0.17221
1.29265,0.16853
1.29483,0.16484
1.29696,0.16115
1.29905,0.15744
1.30108,0.15372
1.30307,0.14999
1.30501,0.14625
1.30690,0.14251
1.30874,0.13876
1.31053,0.13499
1.31228,0.13123
1.31397,0.12745
1.31561,0.12366
1.31721,0.11987
1.31875,0.11607
1.32025,0.11227
1.32169,0.10846
1.32308,0.10464
1.32443,0.10082
1.32572,0.09699
1.32697,0.09315
1.32816,0.08931
1.32931,0.08546
1.33040,0.08161
1.33144,0.07776
1.33244,0.07390
1.33338,0.07003
1.33427,0.06616
1.33511,0.06229
1.33590,0.05841
1.33664,0.05454
1.33733,0.05065
1.33797,0.04677
1.33855,0.04288
1.33909,0.03899
1.33957,0.03510
1.34001,0.03120
1.34039,0.02731
1.34072,0.02341
1.34100,0.01951
1.34123,0.01561
1.34141,0.01171
1.34154,0.00781
1.34162,0.00390
1.34164,0.00000
