x1,x2,y
7.5179,7.6171,-0.5047
7.6899,7.7557,-0.5048
7.8557,7.9687,-0.5184
8.0222,8.0999,-0.5239
8.2076,8.2657,-0.5266
8.3274,8.3800,-0.5173
6.5201,6.6347,-0.4566
6.7181,6.8452,-0.4580
6.9397,7.0297,-0.4665
7.0949,7.2117,-0.4518
7.3239,7.4523,-0.4537
7.5083,7.6130,-0.4678
7.7134,7.8036,-0.4509
7.8484,7.9043,-0.4610
7.9652,8.0170,-0.4591
8.0805,8.1830,-0.4526
8.2660,8.3321,-0.4514
4.8553,4.9466,-0.3866
5.0391,5.1668,-0.3874
5.2541,5.3737,-0.3976
5.4242,5.5440,-0.4076
6.5127,6.5660,-0.3962
6.6817,6.7634,-0.3937
6.8650,6.9216,-0.4089
6.9857,7.0797,-0.3865
7.1442,7.2142,-0.3890
7.2761,7.3976,-0.3910
7.4718,7.5967,-0.4081
7.7136,7.8368,-0.3995
7.9516,8.0808,-0.3975
8.1574,8.2628,-0.3921
4.0985,4.2013,-0.3450
4.2427,4.3561,-0.3325
4.4496,4.5365,-0.3314
4.6539,4.7146,-0.3470
4.7851,4.8984,-0.3291
4.9830,5.1108,-0.3392
5.2170,5.3176,-0.3439
5.3977,5.5215,-0.3365
6.4623,6.5757,-0.3428
6.6535,6.7508,-0.3317
6.8131,6.9272,-0.3277
6.9863,7.1197,-0.3353
7.1781,7.2885,-0.3381
7.3988,7.5076,-0.3454
7.5768,7.6724,-0.3371
7.7663,7.8730,-0.3258
7.9910,8.0670,-0.3473
8.1753,8.2441,-0.3371
8.3332,8.3800,-0.3272
3.0195,3.0867,-0.2733
3.1541,3.2215,-0.2889
3.2747,3.3602,-0.2944
3.4395,3.4984,-0.2779
3.5427,3.6237,-0.2824
3.6905,3.7901,-0.2766
3.8411,3.9745,-0.2794
4.0237,4.0803,-0.2733
5.2716,5.3834,-0.2811
6.5191,6.5947,-0.2871
6.6719,6.7952,-0.2829
6.8839,7.0156,-0.2799
7.0585,7.1910,-0.2950
7.2392,7.3101,-0.2888
7.4137,7.4710,-0.2936
7.5116,7.6234,-0.2735
7.7414,7.8228,-0.2906
7.9100,7.9871,-0.2928
8.0715,8.1423,-0.2875
8.1967,8.3320,-0.2816
3.0095,3.0962,-0.2346
3.1386,3.2065,-0.2339
3.2812,3.4033,-0.2291
3.4641,3.5419,-0.2260
3.5828,3.7124,-0.2315
3.9525,4.0749,-0.2241
5.2725,5.3549,-0.2290
6.8251,6.9422,-0.2279
7.0481,7.1787,-0.2187
7.2702,7.3221,-0.2226
7.3778,7.4963,-0.2349
7.5737,7.6408,-0.2346
7.6857,7.7610,-0.2149
7.8172,7.9343,-0.2177
8.0242,8.0878,-0.2208
8.1868,8.3093,-0.2340
7.1838,7.2395,-0.1673
7.3445,7.4569,-0.1621
7.5757,7.6591,-0.1693
7.7160,7.7858,-0.1766
7.8491,7.9839,-0.1727
8.0780,8.1372,-0.1679
8.2334,8.3391,-0.1646
7.1065,7.2449,-0.1175
7.3097,7.4013,-0.1003
7.4637,7.5753,-0.1017
7.6781,7.7776,-0.1212
7.8606,7.9562,-0.1097
8.0271,8.1184,-0.1076
8.1601,8.2383,-0.1194
8.3104,8.3768,-0.1085
7.1977,7.3115,-0.0588
7.3806,7.4460,-0.0569
7.5150,7.6267,-0.0634
7.7188,7.7811,-0.0418
7.8582,7.9204,-0.0533
7.9985,8.0895,-0.0603
8.1546,8.2497,-0.0554
8.3230,8.3800,-0.0472
7.2912,7.3582,0.0099
7.4363,7.5393,0.0147
7.6429,7.7821,0.0007
7.8352,7.9042,0.0045
7.9713,8.0758,0.0115
8.1932,8.2997,-0.0055
7.3898,7.5286,0.0583
7.5850,7.6998,0.0549
7.7966,7.9321,0.0554
8.0230,8.0771,0.0643
8.1282,8.1814,0.0552
8.2784,8.3800,0.0556
7.2072,7.3014,0.1167
7.4123,7.4956,0.1118
7.5529,7.6563,0.1103
7.7281,7.7910,0.1203
7.8504,7.9477,0.1104
8.0094,8.0743,0.1267
8.1876,8.3241,0.1115
6.9011,7.0159,0.1855
7.0830,7.1694,0.1892
7.2838,7.3491,0.1691
7.4216,7.5331,0.1799
7.5968,7.7198,0.1870
7.7619,7.8889,0.1834
7.9934,8.0621,0.1747
8.1762,8.2953,0.1738
3.0213,3.0917,0.2358
3.1829,3.2517,0.2363
3.3445,3.4195,0.2398
3.5266,3.6642,0.2500
3.7396,3.8381,0.2325
3.9351,4.0724,0.2457
4.1509,4.2199,0.2331
4.3376,4.4749,0.2507
4.5768,4.7047,0.2357
4.8170,4.9047,0.2474
4.9951,5.1173,0.2461
5.1714,5.2960,0.2362
5.3447,5.4435,0.2527
6.5013,6.6096,0.2442
6.7005,6.7773,0.2370
6.8681,6.9458,0.2374
7.0587,7.1176,0.2441
7.2257,7.3338,0.2467
7.3934,7.5180,0.2423
7.6205,7.7494,0.2452
7.8587,7.9240,0.2381
7.9868,8.0450,0.2523
8.1213,8.2545,0.2331
8.3321,8.3800,0.2372
3.3211,3.4010,0.2974
3.5028,3.6108,0.3004
3.6578,3.7364,0.3025
3.7907,3.8712,0.3052
3.9582,4.0200,0.3108
4.0834,4.1690,0.2985
4.2481,4.3065,0.3176
4.3593,4.4315,0.3050
4.4941,4.5951,0.3202
4.6360,4.7197,0.3096
4.7934,4.8724,0.3114
4.9225,5.0327,0.3097
5.0836,5.1545,0.3116
5.2141,5.3131,0.2973
5.3653,5.4318,0.3087
6.5695,6.6631,0.3122
6.7601,6.8863,0.3102
6.9538,7.0430,0.3067
7.1281,7.2339,0.3079
7.2919,7.3534,0.3053
7.4088,7.4918,0.3010
7.5749,7.6287,0.3189
7.6763,7.7511,0.3178
7.8049,7.9038,0.3208
7.9886,8.1084,0.3062
8.2143,8.2816,0.3088
4.5363,4.6698,0.3666
4.7686,4.8351,0.3577
4.9506,5.0701,0.3778
5.1692,5.2773,0.3683
5.3749,5.5126,0.3677
6.5124,6.6447,0.3619
6.6935,6.8054,0.3745
6.8581,6.9249,0.3717
7.0027,7.1219,0.3707
7.1767,7.2883,0.3675
7.3834,7.4347,0.3648
7.5031,7.5618,0.3761
7.6035,7.7180,0.3627
7.8168,7.8998,0.3790
8.0008,8.0654,0.3802
8.1632,8.2419,0.3678
8.3105,8.3800,0.3596
6.6473,6.7405,0.4207
6.8580,6.9683,0.4267
7.0754,7.1278,0.4297
7.2343,7.3574,0.4390
7.4172,7.5550,0.4289
7.6727,7.7928,0.4274
7.8336,7.9724,0.4229
8.0155,8.1369,0.4328
8.2516,8.3027,0.4339
6.8727,6.9852,0.4844
7.1897,7.2632,0.4848
7.3667,7.4252,0.4948
7.5416,7.6618,0.4916
7.7568,7.8846,0.5027
7.9279,7.9803,0.5035
8.0211,8.1523,0.4992
8.2593,8.3800,0.4875
