x,y
396.000,-127.0000
396.000,-124.6207
396.000,-122.2414
396.000,-119.8621
396.000,-117.4828
396.000,-115.1034
396.000,-112.7241
396.000,-110.3448
396.000,-107.9655
396.000,-105.5862
396.000,-103.2069
396.000,-100.8276
396.000,-98.4483
396.000,-96.0690
396.000,-93.6897
396.000,-91.3103
396.000,-88.9310
396.000,-86.5517
396.000,-84.1724
396.000,-81.7931
396.000,-79.4138
396.000,-77.0345
396.000,-74.6552
396.000,-72.2759
396.000,-69.8966
396.000,-67.5172
396.000,-65.1379
396.000,-62.7586
396.000,-60.3793
396.000,-58.0000
395.079,-51.6426
394.173,-45.9820
393.282,-40.9419
392.405,-36.4542
391.543,-32.4584
390.696,-28.9006
389.862,-25.7328
389.042,-22.9122
388.235,-20.4008
387.442,-18.1646
386.661,-16.1736
385.894,-14.4008
385.139,-12.8223
384.396,-11.4168
383.666,-10.1654
382.948,-9.0512
382.241,-8.0591
381.547,-7.1757
380.863,-6.3892
380.191,-5.6889
379.530,-5.0653
378.880,-4.5101
378.240,-4.0157
377.611,-3.5756
376.993,-3.1836
376.384,-2.8347
375.786,-2.5240
375.197,-2.2473
374.618,-2.0010
374.049,-1.7817
373.489,-1.5864
372.938,-1.4125
372.396,-1.2577
371.863,-1.1198
371.339,-0.9971
370.824,-0.8878
370.317,-0.7905
369.818,-0.7038
369.328,-0.6267
368.845,-0.5580
368.371,-0.4968
367.904,-0.4424
367.445,-0.3939
366.994,-0.3507
366.550,-0.3123
366.113,-0.2780
365.683,-0.2476
365.261,-0.2204
364.845,-0.1963
364.437,-0.1748
364.035,-0.1556
363.639,-0.1385
363.251,-0.1234
362.868,-0.1098
362.492,-0.0978
362.122,-0.0871
361.758,-0.0775
361.400,-0.0690
361.048,-0.0615
360.702,-0.0547
360.362,-0.0487
360.027,-0.0434
359.697,-0.0386
359.373,-0.0344
359.055,-0.0306
358.741,-0.0273
358.433,-0.0243
358.130,-0.0216
357.832,-0.0193
357.538,-0.0171
357.250,-0.0153
356.966,-0.0136
356.687,-0.0121
356.413,-0.0108
356.143,-0.0096
355.877,-0.0085
355.616,-0.0076
355.359,-0.0068
355.106,-0.0060
354.858,-0.0054
354.614,-0.0048
354.373,-0.0043
354.137,-0.0038
353.904,-0.0034
353.675,-0.0030
353.451,-0.0027
353.229,-0.0024
353.012,-0.0021
352.798,-0.0019
352.587,-0.0017
352.380,-0.0015
352.177,-0.0013
351.976,-0.0012
351.779,-0.0011
351.585,-0.0009
351.395,-0.0008
351.207,-0.0007
351.023,-0.0007
350.842,-0.0006
350.664,-0.0005
350.488,-0.0005
350.316,-0.0004
350.146,-0.0004
349.979,-0.0003
349.815,-0.0003
349.653,-0.0003
349.495,-0.0002
349.338,-0.0002
349.185,-0.0002
349.034,-0.0002
348.885,-0.0001
348.739,-0.0001
348.595,-0.0001
348.454,-0.0001
348.315,-0.0001
348.178,-0.0001
348.044,-0.0001
347.911,-0.0001
347.781,-0.0001
340.000,0.0000
347.781,0.0001
347.911,0.0001
348.044,0.0001
348.178,0.0001
348.315,0.0001
348.454,0.0001
348.595,0.0001
348.739,0.0001
348.885,0.0001
349.034,0.0002
349.185,0.0002
349.338,0.0002
349.495,0.0002
349.653,0.0003
349.815,0.0003
349.979,0.0003
350.146,0.0004
350.316,0.0004
350.488,0.0005
350.664,0.0005
350.842,0.0006
351.023,0.0007
351.207,0.0007
351.395,0.0008
351.585,0.0009
351.779,0.0011
351.976,0.0012
352.177,0.0013
352.380,0.0015
352.587,0.0017
352.798,0.0019
353.012,0.0021
353.229,0.0024
353.451,0.0027
353.675,0.0030
353.904,0.0034
354.137,0.0038
354.373,0.0043
354.614,0.0048
354.858,0.0054
355.106,0.0060
355.359,0.0068
355.616,0.0076
355.877,0.0085
356.143,0.0096
356.413,0.0108
356.687,0.0121
356.966,0.0136
357.250,0.0153
357.538,0.0171
357.832,0.0193
358.130,0.0216
358.433,0.0243
358.741,0.0273
359.055,0.0306
359.373,0.0344
359.697,0.0386
360.027,0.0434
360.362,0.0487
360.702,0.0547
361.048,0.0615
361.400,0.0690
361.758,0.0775
362.122,0.0871
362.492,0.0978
362.868,0.1098
363.251,0.1234
363.639,0.1385
364.035,0.1556
364.437,0.1748
364.845,0.1963
365.261,0.2204
365.683,0.2476
366.113,0.2780
366.550,0.3123
366.994,0.3507
367.445,0.3939
367.904,0.4424
368.371,0.4968
368.845,0.5580
369.328,0.6267
369.818,0.7038
370.317,0.7905
370.824,0.8878
371.339,0.9971
371.863,1.1198
372.396,1.2577
372.938,1.4125
373.489,1.5864
374.049,1.7817
374.618,2.0010
375.197,2.2473
375.786,2.5240
376.384,2.8347
376.993,3.1836
377.611,3.5756
378.240,4.0157
378.880,4.5101
379.530,5.0653
380.191,5.6889
380.863,6.3892
381.547,7.1757
382.241,8.0591
382.948,9.0512
383.666,10.1654
384.396,11.4168
385.139,12.8223
385.894,14.4008
386.661,16.1736
387.442,18.1646
388.235,20.4008
389.042,22.9122
389.862,25.7328
390.696,28.9006
391.543,32.4584
392.405,36.4542
393.282,40.9419
394.173,45.9820
395.079,51.6426
396.000,58.0000
396.000,60.3793
396.000,62.7586
396.000,65.1379
396.000,67.5172
396.000,69.8966
396.000,72.2759
396.000,74.6552
396.000,77.0345
396.000,79.4138
396.000,81.7931
396.000,84.1724
396.000,86.5517
396.000,88.9310
396.000,91.3103
396.000,93.6897
396.000,96.0690
396.000,98.4483
396.000,100.8276
396.000,103.2069
396.000,105.5862
396.000,107.9655
396.000,110.3448
396.000,112.7241
396.000,115.1034
396.000,117.4828
396.000,119.8621
396.000,122.2414
396.000,124.6207
396.000,127.0000
