x,y
0.000,0.000
0.032,1.052
0.129,2.105
0.291,3.157
0.518,4.209
0.809,5.262
1.165,6.314
1.586,7.367
2.071,8.419
2.621,9.471
3.236,10.524
3.916,11.576
4.660,12.628
5.469,13.681
6.343,14.733
7.281,15.786
8.284,16.838
9.352,17.890
10.485,18.943
11.682,19.995
12.944,21.047
14.271,22.100
15.663,23.152
17.119,24.204
18.640,25.257
20.226,26.309
21.876,27.362
23.591,28.414
25.371,29.466
27.216,30.519
29.125,31.571
31.099,32.623
33.138,33.676
35.241,34.728
37.409,35.781
39.642,36.833
41.940,37.885
44.302,38.938
46.729,39.990
49.221,41.042
51.778,42.095
54.399,43.147
57.085,44.199
59.836,45.252
62.651,46.304
65.531,47.357
68.476,48.409
71.486,49.461
74.560,50.514
77.699,51.566
80.903,52.618
84.171,53.671
87.504,54.723
90.902,55.775
94.365,56.828
97.892,57.880
101.484,58.933
105.141,59.985
108.863,61.037
112.649,62.090
116.500,63.142
120.416,64.194
124.396,65.247
128.441,66.299
132.551,67.352
136.726,68.404
140.965,69.456
145.269,70.509
149.638,71.561
154.071,72.613
158.569,73.666
163.132,74.718
167.760,75.770
172.452,76.823
177.209,77.875
182.031,78.928
186.918,79.980
191.869,81.032
196.885,82.085
201.966,83.137
207.111,84.189
212.321,85.242
217.596,86.294
222.936,87.347
228.340,88.399
233.809,89.451
239.343,90.504
244.941,91.556
250.604,92.608
256.332,93.661
262.125,94.713
267.982,95.765
273.904,96.818
279.891,97.870
285.943,98.923
292.059,99.975
298.240,101.027
304.486,102.080
310.796,103.132
317.171,104.184
323.611,105.237
330.116,106.289
336.685,107.342
343.319,108.394
350.018,109.446
356.781,110.499
363.609,111.551
370.502,112.603
377.460,113.656
384.482,114.708
391.569,115.760
398.721,116.813
405.938,117.865
413.219,118.918
420.565,119.970
427.976,121.022
435.451,122.075
442.991,123.127
450.596,124.179
458.266,125.232
466.000,126.284
