x0,y0,x1,y1,head
130.333,76.014,168.310,74.853,1
130.027,66.019,167.966,64.859,1
129.721,56.024,167.431,54.871,1
129.416,46.028,166.164,44.905,1
129.110,36.033,163.054,34.995,1
128.804,26.038,156.906,25.178,1
128.499,16.042,147.525,15.461,1
128.193,6.047,135.931,5.810,0
220.253,78.405,257.740,72.212,1
218.623,68.538,256.069,62.352,1
216.994,58.672,254.212,52.524,1
215.364,48.806,251.690,42.805,1
213.734,38.939,247.569,33.350,1
212.104,29.073,240.953,24.307,1
210.474,19.207,231.957,15.658,1
208.844,9.341,221.891,7.185,1
207.214,-0.526,212.292,-1.365,0
315.480,83.979,351.814,72.886,1
312.560,74.415,348.845,63.336,1
309.640,64.851,345.708,53.838,1
306.720,55.287,342.065,44.495,1
303.799,45.723,337.299,35.494,1
300.879,36.159,330.771,27.032,1
297.959,26.595,322.375,19.140,1
295.039,17.031,312.843,11.594,1
292.119,7.466,303.379,4.028,1
289.198,-2.098,295.021,-3.876,0
286.278,-11.662,288.349,-12.294,0
283.358,-21.226,283.567,-21.290,0
422.041,89.162,456.742,73.712,1
417.973,80.026,452.622,64.600,1
413.906,70.891,448.352,55.555,1
409.839,61.755,443.671,46.692,1
405.771,52.620,438.130,38.213,1
401.704,43.485,431.246,30.332,1
397.636,34.349,422.836,23.130,1
393.569,25.214,413.269,16.443,1
389.502,16.078,403.328,9.922,1
385.434,6.943,393.813,3.212,1
381.367,-2.193,385.251,-3.922,0
377.300,-11.328,377.861,-11.578,0
373.232,-20.464,371.657,-19.762,0
369.165,-29.599,366.574,-28.446,0
365.098,-38.735,362.549,-37.600,0
361.030,-47.870,359.556,-47.214,0
511.517,90.975,546.216,75.526,1
507.450,81.840,542.093,66.416,1
503.382,72.704,537.825,57.370,1
499.315,63.569,533.183,48.490,1
495.248,54.433,527.787,39.946,1
491.180,45.298,521.223,31.922,1
487.113,36.163,513.315,24.497,1
483.045,27.027,504.315,17.557,1
478.978,17.892,494.838,10.830,1
474.911,8.756,485.558,4.016,1
470.843,-0.379,476.954,-3.100,0
466.776,-9.515,469.244,-10.614,0
462.709,-18.650,462.442,-18.532,0
458.641,-27.786,456.467,-26.818,0
454.574,-36.921,451.204,-35.421,0
450.507,-46.057,446.557,-44.298,0
446.439,-55.192,442.457,-53.419,0
442.372,-64.327,438.868,-62.768,0
438.304,-73.463,435.778,-72.338,0
434.237,-82.598,433.198,-82.136,0
