phi,cp
0.00,1.0000
1.00,0.9991
2.00,0.9963
3.00,0.9916
4.00,0.9852
5.00,0.9768
6.00,0.9667
7.00,0.9547
8.00,0.9410
9.00,0.9255
10.00,0.9082
11.00,0.8893
12.00,0.8686
13.00,0.8463
14.00,0.8224
15.00,0.7970
16.00,0.7699
17.00,0.7414
18.00,0.7115
19.00,0.6802
20.00,0.6475
21.00,0.6092
22.00,0.5704
23.00,0.5313
24.00,0.4917
25.00,0.4517
26.00,0.4113
27.00,0.3704
28.00,0.3291
29.00,0.2873
30.00,0.2451
31.00,0.2024
32.00,0.1592
33.00,0.1155
34.00,0.0713
35.00,0.0267
36.00,-0.0185
37.00,-0.0641
38.00,-0.1103
39.00,-0.1570
40.00,-0.2043
41.00,-0.2521
42.00,-0.3004
43.00,-0.3491
44.00,-0.3983
45.00,-0.4476
46.00,-0.4970
47.00,-0.5465
48.00,-0.5957
49.00,-0.6448
50.00,-0.6934
51.00,-0.7415
52.00,-0.7890
53.00,-0.8357
54.00,-0.8816
55.00,-0.9265
56.00,-0.9702
57.00,-1.0127
58.00,-1.0539
59.00,-1.0935
60.00,-1.1316
61.00,-1.1677
62.00,-1.2018
63.00,-1.2335
64.00,-1.2626
65.00,-1.2889
66.00,-1.3122
67.00,-1.3321
68.00,-1.3485
69.00,-1.3610
70.00,-1.3695
71.00,-1.3732
72.00,-1.3710
73.00,-1.3620
74.00,-1.3454
75.00,-1.3232
76.00,-1.2983
77.00,-1.2738
78.00,-1.2515
79.00,-1.2313
80.00,-1.2133
81.00,-1.1972
82.00,-1.1829
83.00,-1.1704
84.00,-1.1596
85.00,-1.1502
86.00,-1.1424
87.00,-1.1358
88.00,-1.1305
89.00,-1.1262
90.00,-1.1230
91.00,-1.1207
92.00,-1.1191
93.00,-1.1182
94.00,-1.1179
95.00,-1.1180
96.00,-1.1185
97.00,-1.1193
98.00,-1.1201
99.00,-1.1211
100.00,-1.1219
101.00,-1.1227
102.00,-1.1235
103.00,-1.1242
104.00,-1.1249
105.00,-1.1256
106.00,-1.1262
107.00,-1.1268
108.00,-1.1273
109.00,-1.1278
110.00,-1.1282
111.00,-1.1286
112.00,-1.1290
113.00,-1.1294
114.00,-1.1297
115.00,-1.1300
116.00,-1.1302
117.00,-1.1304
118.00,-1.1306
119.00,-1.1308
120.00,-1.1309
121.00,-1.1310
122.00,-1.1311
123.00,-1.1311
124.00,-1.1312
125.00,-1.1312
126.00,-1.1312
127.00,-1.1312
128.00,-1.1311
129.00,-1.1310
130.00,-1.1309
131.00,-1.1308
132.00,-1.1307
133.00,-1.1306
134.00,-1.1304
135.00,-1.1303
136.00,-1.1301
137.00,-1.1299
138.00,-1.1297
139.00,-1.1295
140.00,-1.1293
141.00,-1.1291
142.00,-1.1289
143.00,-1.1287
144.00,-1.1284
145.00,-1.1282
146.00,-1.1280
147.00,-1.1277
148.00,-1.1275
149.00,-1.1273
150.00,-1.1270
151.00,-1.1268
152.00,-1.1266
153.00,-1.1263
154.00,-1.1261
155.00,-1.1259
156.00,-1.1257
157.00,-1.1255
158.00,-1.1254
159.00,-1.1252
160.00,-1.1250
161.00,-1.1249
162.00,-1.1247
163.00,-1.1246
164.00,-1.1245
165.00,-1.1244
166.00,-1.1244
167.00,-1.1243
168.00,-1.1243
169.00,-1.1243
170.00,-1.1243
171.00,-1.1243
172.00,-1.1244
173.00,-1.1245
174.00,-1.1246
175.00,-1.1247
176.00,-1.1249
177.00,-1.1251
178.00,-1.1253
179.00,-1.1255
180.00,-1.1255
