X,cp
0.00000,1.00000
0.00035,0.99813
0.00140,0.99255
0.00315,0.98328
0.00560,0.97038
0.00876,0.95394
0.01261,0.93404
0.01718,0.91081
0.02245,0.88438
0.02786,0.85773
0.03386,0.82869
0.04045,0.79743
0.04763,0.76409
0.05542,0.72883
0.06381,0.69183
0.07280,0.65327
0.08241,0.61334
0.09263,0.57222
0.10347,0.53011
0.11495,0.48721
0.12705,0.44373
0.13980,0.39986
0.15183,0.36022
0.16440,0.32059
0.17750,0.28110
0.19116,0.24190
0.20537,0.20314
0.22015,0.16494
0.23551,0.12745
0.25145,0.09079
0.26800,0.05508
0.28322,0.02424
0.29894,-0.00568
0.31516,-0.03459
0.33190,-0.06244
0.34917,-0.08915
0.36699,-0.11466
0.38536,-0.13892
0.40431,-0.16188
0.42386,-0.18350
0.44146,-0.20127
0.45955,-0.21797
0.47813,-0.23355
0.49723,-0.24802
0.51543,-0.26044
0.53353,-0.27154
0.55178,-0.28156
0.57019,-0.29054
0.58875,-0.29852
0.60745,-0.30555
0.62628,-0.31166
0.64524,-0.31692
0.66431,-0.32135
0.68350,-0.32501
0.70279,-0.32795
0.72180,-0.33016
0.74089,-0.33176
0.76003,-0.33278
0.77922,-0.33328
0.79886,-0.33327
0.81855,-0.33279
0.83828,-0.33187
0.85803,-0.33056
0.87780,-0.32889
0.89757,-0.32690
0.91733,-0.32461
0.93707,-0.32206
0.95677,-0.31929
0.97642,-0.31631
0.99651,-0.31308
1.01655,-0.30969
1.03650,-0.30617
1.05636,-0.30254
1.07611,-0.29882
1.09629,-0.29493
1.11635,-0.29099
1.13627,-0.28701
1.15662,-0.28290
1.17680,-0.27878
1.19680,-0.27467
1.21724,-0.27045
1.23747,-0.26627
1.25747,-0.26213
1.27790,-0.25792
1.29807,-0.25377
1.31796,-0.24970
1.33827,-0.24557
1.35827,-0.24153
1.37869,-0.23745
1.39877,-0.23347
1.41927,-0.22945
1.43939,-0.22555
1.45993,-0.22162
1.48006,-0.21782
1.50060,-0.21399
1.52069,-0.21030
1.54120,-0.20659
1.56120,-0.20303
1.58161,-0.19945
1.60244,-0.19586
1.62272,-0.19243
1.64342,-0.18898
1.66351,-0.18570
1.68401,-0.18240
1.70491,-0.17911
1.72516,-0.17598
1.74581,-0.17284
1.76687,-0.16971
1.78721,-0.16674
1.80794,-0.16378
1.82907,-0.16082
1.84942,-0.15802
1.87016,-0.15523
1.89129,-0.15245
1.91156,-0.14983
1.93221,-0.14722
1.95324,-0.14462
1.97332,-0.14218
1.99377,-0.13976
2.01459,-0.13733
2.03580,-0.13492
2.05596,-0.13267
2.07647,-0.13044
2.09736,-0.12821
2.11862,-0.12598
2.13871,-0.12393
2.15916,-0.12188
2.17996,-0.11984
2.20112,-0.11781
2.22267,-0.11578
2.24291,-0.11392
2.26348,-0.11207
2.28441,-0.11023
2.30571,-0.10839
2.32737,-0.10657
2.34756,-0.10490
2.36809,-0.10324
2.38895,-0.10159
2.41016,-0.09995
2.43174,-0.09831
2.45368,-0.09669
2.47395,-0.09521
2.49454,-0.09375
2.51547,-0.09229
2.53673,-0.09084
2.55834,-0.08940
2.58030,-0.08797
2.60039,-0.08668
2.62077,-0.08540
2.64147,-0.08413
2.66248,-0.08287
2.68383,-0.08161
2.70550,-0.08036
2.72752,-0.07911
2.74990,-0.07788
2.77009,-0.07678
2.79057,-0.07569
2.81136,-0.07461
2.83245,-0.07353
2.85385,-0.07246
2.87557,-0.07140
2.89763,-0.07034
2.92002,-0.06928
2.94275,-0.06824
2.96294,-0.06733
2.98340,-0.06642
3.00414,-0.06552
3.02517,-0.06462
3.04650,-0.06373
3.06813,-0.06284
3.09007,-0.06196
3.11233,-0.06108
3.13491,-0.06021
3.15782,-0.05934
3.18107,-0.05848
3.20128,-0.05774
3.22174,-0.05701
3.24247,-0.05628
3.26347,-0.05556
3.28475,-0.05484
3.30630,-0.05412
3.32815,-0.05341
3.35029,-0.05270
3.37273,-0.05199
3.39548,-0.05129
3.41854,-0.05060
3.44193,-0.04990
3.46564,-0.04922
3.48565,-0.04864
3.50590,-0.04808
3.52639,-0.04751
3.54713,-0.04695
3.56812,-0.04639
3.58936,-0.04583
3.61086,-0.04528
3.63263,-0.04473
3.65466,-0.04418
3.67698,-0.04363
3.69957,-0.04309
3.72245,-0.04255
3.74562,-0.04202
3.76909,-0.04148
3.79287,-0.04095
3.81695,-0.04043
3.84135,-0.03990
3.86607,-0.03938
3.88609,-0.03896
3.90632,-0.03855
3.92676,-0.03814
3.94743,-0.03773
3.96833,-0.03732
3.98945,-0.03692
4.01081,-0.03652
4.03240,-0.03611
4.05424,-0.03571
4.07632,-0.03532
4.09865,-0.03492
4.12123,-0.03453
4.14408,-0.03414
4.16719,-0.03375
4.19056,-0.03336
4.21421,-0.03297
4.23814,-0.03259
4.26234,-0.03221
4.28684,-0.03183
4.31163,-0.03145
4.33672,-0.03108
4.36212,-0.03070
4.38782,-0.03033
4.41384,-0.02996
4.44018,-0.02960
4.46685,-0.02923
4.48708,-0.02896
4.50749,-0.02869
4.52810,-0.02842
4.54890,-0.02815
4.56990,-0.02788
4.59111,-0.02761
4.61252,-0.02735
4.63414,-0.02709
4.65597,-0.02682
4.67802,-0.02656
4.70029,-0.02630
4.72277,-0.02604
4.74549,-0.02578
4.76843,-0.02552
4.79160,-0.02527
4.81501,-0.02501
4.83865,-0.02476
4.86254,-0.02451
4.88668,-0.02426
4.91107,-0.02401
4.93571,-0.02376
4.96061,-0.02351
4.98578,-0.02326
5.01121,-0.02302
5.03692,-0.02278
5.06290,-0.02253
5.08916,-0.02229
5.11571,-0.02205
5.14254,-0.02181
5.16968,-0.02157
5.19711,-0.02134
5.22485,-0.02110
5.25290,-0.02087
5.28126,-0.02063
5.30995,-0.02040
5.33896,-0.02017
5.36831,-0.01994
5.39799,-0.01972
5.42802,-0.01949
5.44824,-0.01934
5.46861,-0.01919
5.48914,-0.01904
5.50983,-0.01889
5.53069,-0.01874
5.55171,-0.01859
5.57290,-0.01845
5.59426,-0.01830
5.61579,-0.01815
5.63750,-0.01801
5.65938,-0.01786
5.68143,-0.01772
5.70367,-0.01758
5.72609,-0.01743
5.74870,-0.01729
5.77149,-0.01715
5.79448,-0.01701
5.81765,-0.01686
5.84102,-0.01672
5.86458,-0.01658
5.88835,-0.01644
5.91232,-0.01631
5.93649,-0.01617
5.96087,-0.01603
5.98546,-0.01589
6.01026,-0.01576
6.03528,-0.01562
6.06051,-0.01548
6.08597,-0.01535
6.11165,-0.01521
6.13756,-0.01508
6.16370,-0.01495
6.19007,-0.01482
6.21668,-0.01468
6.24353,-0.01455
6.27063,-0.01442
6.29797,-0.01429
6.32556,-0.01416
6.35340,-0.01403
6.38150,-0.01390
6.40986,-0.01377
6.43849,-0.01365
6.46738,-0.01352
6.49655,-0.01339
6.52599,-0.01327
6.55571,-0.01314
6.58572,-0.01302
6.61601,-0.01289
6.64660,-0.01277
6.67748,-0.01265
6.70867,-0.01253
6.74016,-0.01240
6.77196,-0.01228
6.80407,-0.01216
6.83651,-0.01204
6.86927,-0.01192
6.90236,-0.01180
6.93578,-0.01168
6.96954,-0.01157
7.00365,-0.01145
7.03810,-0.01133
7.07292,-0.01122
7.10809,-0.01110
7.14363,-0.01099
7.17955,-0.01087
7.21584,-0.01076
7.25252,-0.01065
7.28958,-0.01053
7.32705,-0.01042
7.36492,-0.01031
7.40320,-0.01020
7.44190,-0.01009
7.48102,-0.00998
7.52057,-0.00987
7.56056,-0.00976
7.58072,-0.00971
7.60100,-0.00965
7.62138,-0.00960
7.64189,-0.00955
7.66250,-0.00949
7.68324,-0.00944
7.70409,-0.00939
7.72506,-0.00933
7.74615,-0.00928
7.76736,-0.00923
7.78869,-0.00917
7.81014,-0.00912
7.83172,-0.00907
7.85342,-0.00902
7.87524,-0.00897
7.89720,-0.00891
7.91928,-0.00886
7.94149,-0.00881
7.96383,-0.00876
7.98630,-0.00871
8.00891,-0.00866
8.03164,-0.00861
8.05452,-0.00856
8.07752,-0.00850
8.10067,-0.00845
8.12396,-0.00840
8.14738,-0.00835
8.17095,-0.00830
8.19465,-0.00825
8.21850,-0.00820
8.24250,-0.00815
8.26664,-0.00810
8.29093,-0.00806
8.31537,-0.00801
8.33996,-0.00796
8.36471,-0.00791
8.38960,-0.00786
8.41465,-0.00781
8.43986,-0.00776
8.46522,-0.00771
8.49074,-0.00767
8.51643,-0.00762
8.54227,-0.00757
8.56828,-0.00752
8.59446,-0.00747
8.62080,-0.00743
8.64731,-0.00738
8.67399,-0.00733
8.70084,-0.00729
8.72786,-0.00724
8.75506,-0.00719
8.78244,-0.00715
8.81000,-0.00710
8.83773,-0.00705
8.86565,-0.00701
8.89375,-0.00696
8.92204,-0.00692
8.95052,-0.00687
8.97918,-0.00682
9.00804,-0.00678
9.03709,-0.00673
9.06634,-0.00669
9.09578,-0.00664
9.12542,-0.00660
9.15527,-0.00655
9.18531,-0.00651
9.21557,-0.00647
9.24603,-0.00642
9.27670,-0.00638
9.30758,-0.00633
9.33868,-0.00629
9.36999,-0.00625
9.40152,-0.00620
9.43328,-0.00616
9.46525,-0.00612
9.49746,-0.00607
9.52989,-0.00603
9.56255,-0.00599
9.59544,-0.00595
9.62857,-0.00590
9.66194,-0.00586
9.69555,-0.00582
9.72941,-0.00578
9.76351,-0.00573
9.79786,-0.00569
9.83246,-0.00565
9.86731,-0.00561
9.90242,-0.00557
9.93780,-0.00553
9.97343,-0.00549
10.00933,-0.00545
10.04550,-0.00541
10.08194,-0.00537
10.11866,-0.00533
10.15566,-0.00529
10.19294,-0.00525
10.23050,-0.00521
10.26835,-0.00517
10.30649,-0.00513
10.34493,-0.00509
10.38366,-0.00505
10.42270,-0.00501
10.46204,-0.00497
10.50169,-0.00493
10.54165,-0.00489
10.58193,-0.00485
10.62253,-0.00482
10.66346,-0.00478
10.70471,-0.00474
10.74629,-0.00470
10.78821,-0.00466
10.83047,-0.00463
10.87308,-0.00459
10.91603,-0.00455
10.95933,-0.00451
11.00299,-0.00448
11.04702,-0.00444
11.09141,-0.00440
11.13617,-0.00437
11.18130,-0.00433
11.22682,-0.00429
11.27272,-0.00426
11.31901,-0.00422
11.36569,-0.00419
11.41278,-0.00415
11.46027,-0.00412
11.50817,-0.00408
11.55648,-0.00404
11.60522,-0.00401
11.65439,-0.00397
11.70398,-0.00394
11.75402,-0.00391
11.80450,-0.00387
11.85543,-0.00384
11.90681,-0.00380
11.95866,-0.00377
12.01097,-0.00373
12.06376,-0.00370
12.11704,-0.00367
12.17080,-0.00363
12.22505,-0.00360
12.27981,-0.00357
12.33508,-0.00353
12.39086,-0.00350
12.44716,-0.00347
12.50400,-0.00344
12.56137,-0.00340
12.61929,-0.00337
12.67776,-0.00334
12.73680,-0.00331
12.79640,-0.00328
12.85659,-0.00325
12.91736,-0.00321
12.97872,-0.00318
13.04069,-0.00315
13.10327,-0.00312
13.16648,-0.00309
13.23032,-0.00306
13.29479,-0.00303
13.35992,-0.00300
13.42571,-0.00297
13.49217,-0.00294
13.55931,-0.00291
13.62715,-0.00288
13.69569,-0.00285
13.76494,-0.00282
13.83491,-0.00279
13.90562,-0.00276
13.97708,-0.00273
14.04930,-0.00270
14.12230,-0.00267
14.19607,-0.00265
14.27065,-0.00262
14.34603,-0.00259
14.42224,-0.00256
14.49929,-0.00253
14.57719,-0.00251
14.65595,-0.00248
14.73560,-0.00245
14.81614,-0.00242
14.89759,-0.00240
14.97996,-0.00237
15.06328,-0.00234
15.14756,-0.00232
15.23281,-0.00229
15.31905,-0.00226
15.40630,-0.00224
15.49458,-0.00221
15.58391,-0.00218
