X,w
0.00000,0.00000
0.00035,0.02160
0.00140,0.04318
0.00315,0.06475
0.00560,0.08629
0.00876,0.10778
0.01261,0.12923
0.01718,0.15061
0.02245,0.17193
0.02786,0.19124
0.03386,0.21047
0.04045,0.22963
0.04763,0.24869
0.05542,0.26766
0.06381,0.28652
0.07280,0.30528
0.08241,0.32392
0.09263,0.34243
0.10347,0.36081
0.11495,0.37905
0.12705,0.39715
0.13980,0.41509
0.15183,0.43110
0.16440,0.44698
0.17750,0.46272
0.19116,0.47831
0.20537,0.49375
0.22015,0.50904
0.23551,0.52417
0.25145,0.53914
0.26800,0.55394
0.28322,0.56695
0.29894,0.57981
0.31516,0.59254
0.33190,0.60512
0.34917,0.61755
0.36699,0.62983
0.38536,0.64195
0.40431,0.65392
0.42386,0.66572
0.44146,0.67591
0.45955,0.68598
0.47813,0.69591
0.49723,0.70572
0.51543,0.71470
0.53353,0.72329
0.55178,0.73164
0.57019,0.73975
0.58875,0.74762
0.60745,0.75526
0.62628,0.76268
0.64524,0.76986
0.66431,0.77683
0.68350,0.78358
0.70279,0.79013
0.72180,0.79634
0.74089,0.80235
0.76003,0.80817
0.77922,0.81380
0.79886,0.81935
0.81855,0.82472
0.83828,0.82990
0.85803,0.83490
0.87780,0.83973
0.89757,0.84439
0.91733,0.84888
0.93707,0.85321
0.95677,0.85738
0.97642,0.86139
0.99651,0.86535
1.01655,0.86916
1.03650,0.87283
1.05636,0.87635
1.07611,0.87973
1.09629,0.88307
1.11635,0.88627
1.13627,0.88934
1.15662,0.89237
1.17680,0.89528
1.19680,0.89806
1.21724,0.90080
1.23747,0.90343
1.25747,0.90594
1.27790,0.90841
1.29807,0.91078
1.31796,0.91303
1.33827,0.91526
1.35827,0.91738
1.37869,0.91948
1.39877,0.92148
1.41927,0.92345
1.43939,0.92532
1.45993,0.92717
1.48006,0.92892
1.50060,0.93065
1.52069,0.93230
1.54120,0.93392
1.56120,0.93546
1.58161,0.93697
1.60244,0.93847
1.62272,0.93989
1.64342,0.94129
1.66351,0.94261
1.68401,0.94391
1.70491,0.94520
1.72516,0.94641
1.74581,0.94761
1.76687,0.94879
1.78721,0.94990
1.80794,0.95100
1.82907,0.95209
1.84942,0.95310
1.87016,0.95411
1.89129,0.95510
1.91156,0.95603
1.93221,0.95694
1.95324,0.95785
1.97332,0.95869
1.99377,0.95952
2.01459,0.96035
2.03580,0.96117
2.05596,0.96192
2.07647,0.96267
2.09736,0.96341
2.11862,0.96414
2.13871,0.96481
2.15916,0.96548
2.17996,0.96614
2.20112,0.96680
2.22267,0.96745
2.24291,0.96804
2.26348,0.96863
2.28441,0.96921
2.30571,0.96979
2.32737,0.97036
2.34756,0.97088
2.36809,0.97140
2.38895,0.97191
2.41016,0.97241
2.43174,0.97291
2.45368,0.97341
2.47395,0.97386
2.49454,0.97430
2.51547,0.97474
2.53673,0.97518
2.55834,0.97561
2.58030,0.97604
2.60039,0.97642
2.62077,0.97680
2.64147,0.97718
2.66248,0.97755
2.68383,0.97792
2.70550,0.97829
2.72752,0.97866
2.74990,0.97902
2.77009,0.97934
2.79057,0.97965
2.81136,0.97997
2.83245,0.98028
2.85385,0.98059
2.87557,0.98089
2.89763,0.98120
2.92002,0.98150
2.94275,0.98180
2.96294,0.98206
2.98340,0.98232
3.00414,0.98257
3.02517,0.98283
3.04650,0.98308
3.06813,0.98333
3.09007,0.98358
3.11233,0.98383
3.13491,0.98407
3.15782,0.98432
3.18107,0.98456
3.20128,0.98476
3.22174,0.98497
3.24247,0.98517
3.26347,0.98537
3.28475,0.98557
3.30630,0.98577
3.32815,0.98597
3.35029,0.98616
3.37273,0.98636
3.39548,0.98655
3.41854,0.98674
3.44193,0.98693
3.46564,0.98712
3.48565,0.98728
3.50590,0.98743
3.52639,0.98759
3.54713,0.98774
3.56812,0.98790
3.58936,0.98805
3.61086,0.98820
3.63263,0.98835
3.65466,0.98850
3.67698,0.98864
3.69957,0.98879
3.72245,0.98894
3.74562,0.98908
3.76909,0.98923
3.79287,0.98937
3.81695,0.98951
3.84135,0.98965
3.86607,0.98979
3.88609,0.98991
3.90632,0.99002
3.92676,0.99013
3.94743,0.99024
3.96833,0.99035
3.98945,0.99045
4.01081,0.99056
4.03240,0.99067
4.05424,0.99078
4.07632,0.99088
4.09865,0.99099
4.12123,0.99109
4.14408,0.99120
4.16719,0.99130
4.19056,0.99140
4.21421,0.99151
4.23814,0.99161
4.26234,0.99171
4.28684,0.99181
4.31163,0.99191
4.33672,0.99201
4.36212,0.99211
4.38782,0.99221
4.41384,0.99230
4.44018,0.99240
4.46685,0.99250
4.48708,0.99257
4.50749,0.99264
4.52810,0.99271
4.54890,0.99278
4.56990,0.99285
4.59111,0.99292
4.61252,0.99299
4.63414,0.99306
4.65597,0.99313
4.67802,0.99320
4.70029,0.99327
4.72277,0.99334
4.74549,0.99340
4.76843,0.99347
4.79160,0.99354
4.81501,0.99360
4.83865,0.99367
4.86254,0.99374
4.88668,0.99380
4.91107,0.99387
4.93571,0.99393
4.96061,0.99400
4.98578,0.99406
5.01121,0.99413
5.03692,0.99419
5.06290,0.99425
5.08916,0.99431
5.11571,0.99438
5.14254,0.99444
5.16968,0.99450
5.19711,0.99456
5.22485,0.99462
5.25290,0.99468
5.28126,0.99475
5.30995,0.99481
5.33896,0.99486
5.36831,0.99492
5.39799,0.99498
5.42802,0.99504
5.44824,0.99508
5.46861,0.99512
5.48914,0.99516
5.50983,0.99520
5.53069,0.99524
5.55171,0.99527
5.57290,0.99531
5.59426,0.99535
5.61579,0.99539
5.63750,0.99542
5.65938,0.99546
5.68143,0.99550
5.70367,0.99554
5.72609,0.99557
5.74870,0.99561
5.77149,0.99565
5.79448,0.99568
5.81765,0.99572
5.84102,0.99576
5.86458,0.99579
5.88835,0.99583
5.91232,0.99586
5.93649,0.99590
5.96087,0.99594
5.98546,0.99597
6.01026,0.99601
6.03528,0.99604
6.06051,0.99608
6.08597,0.99611
6.11165,0.99614
6.13756,0.99618
6.16370,0.99621
6.19007,0.99625
6.21668,0.99628
6.24353,0.99631
6.27063,0.99635
6.29797,0.99638
6.32556,0.99641
6.35340,0.99645
6.38150,0.99648
6.40986,0.99651
6.43849,0.99655
6.46738,0.99658
6.49655,0.99661
6.52599,0.99664
6.55571,0.99668
6.58572,0.99671
6.61601,0.99674
6.64660,0.99677
6.67748,0.99680
6.70867,0.99683
6.74016,0.99686
6.77196,0.99690
6.80407,0.99693
6.83651,0.99696
6.86927,0.99699
6.90236,0.99702
6.93578,0.99705
6.96954,0.99708
7.00365,0.99711
7.03810,0.99714
7.07292,0.99717
7.10809,0.99720
7.14363,0.99723
7.17955,0.99726
7.21584,0.99728
7.25252,0.99731
7.28958,0.99734
7.32705,0.99737
7.36492,0.99740
7.40320,0.99743
7.44190,0.99746
7.48102,0.99748
7.52057,0.99751
7.56056,0.99754
7.58072,0.99755
7.60100,0.99757
7.62138,0.99758
7.64189,0.99759
7.66250,0.99761
7.68324,0.99762
7.70409,0.99763
7.72506,0.99765
7.74615,0.99766
7.76736,0.99767
7.78869,0.99769
7.81014,0.99770
7.83172,0.99771
7.85342,0.99773
7.87524,0.99774
7.89720,0.99775
7.91928,0.99777
7.94149,0.99778
7.96383,0.99779
7.98630,0.99781
8.00891,0.99782
8.03164,0.99783
8.05452,0.99784
8.07752,0.99786
8.10067,0.99787
8.12396,0.99788
8.14738,0.99790
8.17095,0.99791
8.19465,0.99792
8.21850,0.99793
8.24250,0.99795
8.26664,0.99796
8.29093,0.99797
8.31537,0.99798
8.33996,0.99800
8.36471,0.99801
8.38960,0.99802
8.41465,0.99803
8.43986,0.99805
8.46522,0.99806
8.49074,0.99807
8.51643,0.99808
8.54227,0.99809
8.56828,0.99811
8.59446,0.99812
8.62080,0.99813
8.64731,0.99814
8.67399,0.99815
8.70084,0.99817
8.72786,0.99818
8.75506,0.99819
8.78244,0.99820
8.81000,0.99821
8.83773,0.99823
8.86565,0.99824
8.89375,0.99825
8.92204,0.99826
8.95052,0.99827
8.97918,0.99828
9.00804,0.99830
9.03709,0.99831
9.06634,0.99832
9.09578,0.99833
9.12542,0.99834
9.15527,0.99835
9.18531,0.99836
9.21557,0.99837
9.24603,0.99839
9.27670,0.99840
9.30758,0.99841
9.33868,0.99842
9.36999,0.99843
9.40152,0.99844
9.43328,0.99845
9.46525,0.99846
9.49746,0.99847
9.52989,0.99848
9.56255,0.99850
9.59544,0.99851
9.62857,0.99852
9.66194,0.99853
9.69555,0.99854
9.72941,0.99855
9.76351,0.99856
9.79786,0.99857
9.83246,0.99858
9.86731,0.99859
9.90242,0.99860
9.93780,0.99861
9.97343,0.99862
10.00933,0.99863
10.04550,0.99864
10.08194,0.99865
10.11866,0.99866
10.15566,0.99867
10.19294,0.99868
10.23050,0.99869
10.26835,0.99870
10.30649,0.99871
10.34493,0.99872
10.38366,0.99873
10.42270,0.99874
10.46204,0.99875
10.50169,0.99876
10.54165,0.99877
10.58193,0.99878
10.62253,0.99879
10.66346,0.99880
10.70471,0.99881
10.74629,0.99882
10.78821,0.99883
10.83047,0.99884
10.87308,0.99885
10.91603,0.99886
10.95933,0.99887
11.00299,0.99888
11.04702,0.99889
11.09141,0.99889
11.13617,0.99890
11.18130,0.99891
11.22682,0.99892
11.27272,0.99893
11.31901,0.99894
11.36569,0.99895
11.41278,0.99896
11.46027,0.99897
11.50817,0.99898
11.55648,0.99899
11.60522,0.99899
11.65439,0.99900
11.70398,0.99901
11.75402,0.99902
11.80450,0.99903
11.85543,0.99904
11.90681,0.99905
11.95866,0.99905
12.01097,0.99906
12.06376,0.99907
12.11704,0.99908
12.17080,0.99909
12.22505,0.99910
12.27981,0.99911
12.33508,0.99911
12.39086,0.99912
12.44716,0.99913
12.50400,0.99914
12.56137,0.99915
12.61929,0.99915
12.67776,0.99916
12.73680,0.99917
12.79640,0.99918
12.85659,0.99919
12.91736,0.99919
12.97872,0.99920
13.04069,0.99921
13.10327,0.99922
13.16648,0.99923
13.23032,0.99923
13.29479,0.99924
13.35992,0.99925
13.42571,0.99926
13.49217,0.99926
13.55931,0.99927
13.62715,0.99928
13.69569,0.99929
13.76494,0.99929
13.83491,0.99930
13.90562,0.99931
13.97708,0.99932
14.04930,0.99932
14.12230,0.99933
14.19607,0.99934
14.27065,0.99934
14.34603,0.99935
14.42224,0.99936
14.49929,0.99937
14.57719,0.99937
14.65595,0.99938
14.73560,0.99939
14.81614,0.99939
14.89759,0.99940
14.97996,0.99941
15.06328,0.99941
15.14756,0.99942
15.23281,0.99943
15.31905,0.99943
15.40630,0.99944
15.49458,0.99945
15.58391,0.99945
