X,s1,s2,s3,s4
-4.40000,0.35183,0.70362,1.05532,1.40692
-4.35000,0.35187,0.70369,1.05543,1.40705
-4.30000,0.35191,0.70377,1.05554,1.40719
-4.25000,0.35195,0.70385,1.05566,1.40734
-4.20000,0.35199,0.70393,1.05577,1.40749
-4.15000,0.35203,0.70401,1.05589,1.40764
-4.10000,0.35208,0.70410,1.05602,1.40780
-4.05000,0.35212,0.70419,1.05615,1.40796
-4.00000,0.35217,0.70428,1.05628,1.40813
-3.95000,0.35222,0.70438,1.05642,1.40830
-3.90000,0.35227,0.70448,1.05656,1.40848
-3.85000,0.35232,0.70458,1.05671,1.40866
-3.80000,0.35238,0.70469,1.05686,1.40885
-3.75000,0.35243,0.70480,1.05702,1.40904
-3.70000,0.35249,0.70491,1.05718,1.40925
-3.65000,0.35255,0.70503,1.05735,1.40945
-3.60000,0.35262,0.70515,1.05752,1.40967
-3.55000,0.35268,0.70528,1.05770,1.40989
-3.50000,0.35275,0.70541,1.05788,1.41012
-3.45000,0.35282,0.70554,1.05808,1.41036
-3.40000,0.35289,0.70568,1.05828,1.41061
-3.35000,0.35297,0.70583,1.05848,1.41086
-3.30000,0.35305,0.70598,1.05870,1.41113
-3.25000,0.35313,0.70614,1.05892,1.41140
-3.20000,0.35322,0.70631,1.05915,1.41168
-3.15000,0.35331,0.70648,1.05939,1.41198
-3.10000,0.35340,0.70666,1.05964,1.41228
-3.05000,0.35350,0.70684,1.05990,1.41260
-3.00000,0.35360,0.70704,1.06018,1.41292
-2.95000,0.35370,0.70724,1.06046,1.41326
-2.90000,0.35382,0.70745,1.06075,1.41362
-2.85000,0.35393,0.70767,1.06106,1.41398
-2.80000,0.35405,0.70790,1.06137,1.41437
-2.75000,0.35418,0.70814,1.06171,1.41476
-2.70000,0.35431,0.70839,1.06205,1.41518
-2.65000,0.35445,0.70866,1.06241,1.41560
-2.60000,0.35460,0.70893,1.06279,1.41605
-2.55000,0.35475,0.70922,1.06319,1.41652
-2.50000,0.35491,0.70952,1.06360,1.41700
-2.45000,0.35508,0.70984,1.06403,1.41751
-2.40000,0.35526,0.71018,1.06448,1.41804
-2.35000,0.35545,0.71053,1.06496,1.41859
-2.30000,0.35565,0.71090,1.06545,1.41916
-2.25000,0.35586,0.71129,1.06597,1.41976
-2.20000,0.35608,0.71170,1.06652,1.42039
-2.15000,0.35631,0.71213,1.06709,1.42104
-2.10000,0.35656,0.71259,1.06770,1.42173
-2.05000,0.35683,0.71307,1.06833,1.42244
-2.00000,0.35711,0.71358,1.06900,1.42319
-1.95000,0.35740,0.71413,1.06971,1.42398
-1.90000,0.35772,0.71470,1.07045,1.42480
-1.85000,0.35806,0.71531,1.07123,1.42566
-1.80000,0.35842,0.71596,1.07206,1.42657
-1.75000,0.35880,0.71665,1.07293,1.42752
-1.70000,0.35921,0.71738,1.07386,1.42851
-1.65000,0.35966,0.71816,1.07484,1.42956
-1.60000,0.36013,0.71900,1.07587,1.43066
-1.55000,0.36064,0.71989,1.07697,1.43181
-1.50000,0.36119,0.72085,1.07814,1.43303
-1.45000,0.36179,0.72187,1.07937,1.43430
-1.40000,0.36243,0.72297,1.08069,1.43564
-1.35000,0.36313,0.72415,1.08208,1.43706
-1.30000,0.36389,0.72543,1.08357,1.43854
-1.25000,0.36472,0.72680,1.08516,1.44011
-1.20000,0.36562,0.72829,1.08685,1.44176
-1.15000,0.36661,0.72989,1.08865,1.44350
-1.10000,0.36770,0.73163,1.09057,1.44533
-1.05000,0.36890,0.73352,1.09263,1.44725
-1.00000,0.37023,0.73558,1.09482,1.44928
-0.95000,0.37170,0.73782,1.09717,1.45142
-0.90000,0.37334,0.74026,1.09968,1.45367
-0.85000,0.37518,0.74293,1.10237,1.45604
-0.80000,0.37724,0.74586,1.10524,1.45853
-0.75000,0.37957,0.74908,1.10832,1.46115
-0.70000,0.38221,0.75261,1.11162,1.46391
-0.65000,0.38522,0.75649,1.11515,1.46680
-0.60000,0.38867,0.76077,1.11892,1.46983
-0.55000,0.39265,0.76549,1.12295,1.47302
-0.50000,0.39727,0.77069,1.12725,1.47635
-0.45000,0.40268,0.77644,1.13184,1.47983
-0.40000,0.40903,0.78277,1.13672,1.48346
-0.35000,0.41655,0.78975,1.14191,1.48725
-0.30000,0.42551,0.79742,1.14740,1.49118
-0.25000,0.43622,0.80582,1.15321,1.49527
-0.20000,0.44906,0.81500,1.15934,1.49950
-0.15000,0.46440,0.82496,1.16576,1.50387
-0.10000,0.48258,0.83570,1.17249,1.50837
-0.05000,0.50378,0.84720,1.17949,1.51300
-0.00000,0.52789,0.85939,1.18675,1.51775
0.05000,0.55444,0.87221,1.19423,1.52259
0.10000,0.58269,0.88553,1.20192,1.52753
0.15000,0.61171,0.89925,1.20977,1.53254
0.20000,0.64068,0.91321,1.21774,1.53761
0.25000,0.66892,0.92728,1.22580,1.54273
0.30000,0.69600,0.94132,1.23390,1.54788
0.35000,0.72163,0.95521,1.24199,1.55304
0.40000,0.74568,0.96885,1.25005,1.55820
0.45000,0.76813,0.98213,1.25803,1.56334
0.50000,0.78899,0.99499,1.26590,1.56844
0.55000,0.80831,1.00737,1.27362,1.57349
0.60000,0.82618,1.01923,1.28117,1.57848
0.65000,0.84269,1.03054,1.28853,1.58340
0.70000,0.85791,1.04130,1.29568,1.58823
0.75000,0.87195,1.05150,1.30259,1.59296
0.80000,0.88489,1.06114,1.30926,1.59759
0.85000,0.89682,1.07024,1.31569,1.60210
0.90000,0.90780,1.07881,1.32186,1.60649
0.95000,0.91793,1.08686,1.32778,1.61076
1.00000,0.92726,1.09443,1.33344,1.61489
1.05000,0.93586,1.10153,1.33884,1.61890
1.10000,0.94379,1.10818,1.34400,1.62277
1.15000,0.95111,1.11441,1.34891,1.62651
1.20000,0.95787,1.12025,1.35358,1.63012
1.25000,0.96411,1.12571,1.35802,1.63359
1.30000,0.96987,1.13083,1.36224,1.63693
1.35000,0.97521,1.13561,1.36625,1.64014
1.40000,0.98014,1.14009,1.37004,1.64322
1.45000,0.98471,1.14428,1.37365,1.64618
1.50000,0.98895,1.14821,1.37706,1.64902
1.55000,0.99287,1.15188,1.38030,1.65174
1.60000,0.99652,1.15533,1.38336,1.65434
1.65000,0.99991,1.15855,1.38627,1.65683
1.70000,1.00306,1.16158,1.38902,1.65922
1.75000,1.00599,1.16441,1.39162,1.66150
1.80000,1.00873,1.16707,1.39409,1.66369
1.85000,1.01127,1.16957,1.39643,1.66578
1.90000,1.01365,1.17192,1.39865,1.66777
1.95000,1.01587,1.17413,1.40075,1.66968
2.00000,1.01795,1.17621,1.40275,1.67151
2.05000,1.01990,1.17816,1.40464,1.67326
2.10000,1.02172,1.18000,1.40643,1.67493
2.15000,1.02343,1.18174,1.40813,1.67652
2.20000,1.02503,1.18337,1.40974,1.67805
2.25000,1.02654,1.18491,1.41128,1.67951
2.30000,1.02795,1.18637,1.41274,1.68090
2.35000,1.02928,1.18775,1.41412,1.68224
2.40000,1.03054,1.18905,1.41544,1.68352
2.45000,1.03172,1.19028,1.41669,1.68474
2.50000,1.03284,1.19145,1.41788,1.68591
2.55000,1.03389,1.19256,1.41902,1.68703
2.60000,1.03489,1.19360,1.42010,1.68811
2.65000,1.03583,1.19460,1.42113,1.68913
2.70000,1.03672,1.19554,1.42211,1.69012
2.75000,1.03757,1.19644,1.42305,1.69106
2.80000,1.03837,1.19729,1.42395,1.69197
2.85000,1.03913,1.19810,1.42480,1.69284
2.90000,1.03985,1.19887,1.42562,1.69367
2.95000,1.04054,1.19961,1.42639,1.69447
3.00000,1.04119,1.20031,1.42714,1.69524
3.20000,1.04349,1.20280,1.42981,1.69802
3.40000,1.04540,1.20488,1.43207,1.70039
3.60000,1.04700,1.20663,1.43398,1.70243
3.80000,1.04835,1.20811,1.43562,1.70419
4.00000,1.04949,1.20937,1.43702,1.70572
4.20000,1.05047,1.21046,1.43824,1.70705
4.40000,1.05132,1.21140,1.43930,1.70821
4.60000,1.05205,1.21222,1.44022,1.70924
4.80000,1.05269,1.21294,1.44104,1.71015
5.00000,1.05325,1.21357,1.44176,1.71095
5.20000,1.05375,1.21413,1.44239,1.71167
5.40000,1.05419,1.21462,1.44296,1.71231
5.60000,1.05458,1.21507,1.44347,1.71289
5.80000,1.05493,1.21546,1.44392,1.71340
6.00000,1.05525,1.21582,1.44433,1.71387
6.20000,1.05553,1.21614,1.44471,1.71430
6.40000,1.05578,1.21643,1.44504,1.71468
6.60000,1.05602,1.21669,1.44535,1.71503
6.80000,1.05623,1.21693,1.44563,1.71535
7.00000,1.05642,1.21715,1.44588,1.71565
7.20000,1.05660,1.21735,1.44611,1.71592
7.40000,1.05676,1.21754,1.44633,1.71616
7.60000,1.05691,1.21770,1.44653,1.71639
7.80000,1.05704,1.21786,1.44671,1.71660
8.00000,1.05717,1.21800,1.44688,1.71680
8.20000,1.05729,1.21814,1.44703,1.71698
8.40000,1.05739,1.21826,1.44718,1.71715
8.60000,1.05749,1.21838,1.44731,1.71730
8.80000,1.05759,1.21848,1.44743,1.71745
9.00000,1.05767,1.21858,1.44755,1.71758
9.20000,1.05775,1.21867,1.44766,1.71771
9.40000,1.05783,1.21876,1.44776,1.71783
9.60000,1.05790,1.21884,1.44786,1.71794
9.80000,1.05797,1.21892,1.44795,1.71805
10.00000,1.05803,1.21899,1.44803,1.71814
10.20000,1.05809,1.21906,1.44811,1.71824
10.40000,1.05814,1.21912,1.44818,1.71832
10.60000,1.05820,1.21918,1.44825,1.71841
10.80000,1.05824,1.21923,1.44832,1.71848
11.00000,1.05829,1.21929,1.44838,1.71856
11.20000,1.05833,1.21934,1.44844,1.71863
11.40000,1.05838,1.21939,1.44850,1.71869
11.60000,1.05842,1.21943,1.44855,1.71875
11.80000,1.05845,1.21947,1.44860,1.71881
12.00000,1.05849,1.21951,1.44865,1.71887
12.20000,1.05852,1.21955,1.44869,1.71892
12.40000,1.05855,1.21959,1.44874,1.71897
12.60000,1.05858,1.21962,1.44878,1.71902
12.80000,1.05861,1.21966,1.44882,1.71907
13.00000,1.05864,1.21969,1.44885,1.71911
13.20000,1.05867,1.21972,1.44889,1.71915
13.40000,1.05869,1.21975,1.44892,1.71919
13.60000,1.05871,1.21977,1.44895,1.71923
13.80000,1.05874,1.21980,1.44899,1.71927
14.00000,1.05876,1.21982,1.44902,1.71930
14.20000,1.05878,1.21985,1.44904,1.71933
14.40000,1.05880,1.21987,1.44907,1.71937
14.60000,1.05882,1.21989,1.44910,1.71940
14.80000,1.05884,1.21991,1.44912,1.71943
15.00000,1.05885,1.21993,1.44915,1.71945
15.20000,1.05887,1.21995,1.44917,1.71948
15.40000,1.05889,1.21997,1.44919,1.71951
15.60000,1.05890,1.21999,1.44921,1.71953
