X,w,dX,dw,cp
0.00000,0.00000,-1.50000,0.00000,1.00000
0.01075,0.11936,-1.39295,0.25133,0.94363
0.04239,0.23495,-1.10973,0.40842,0.78833
0.09324,0.34349,-0.74241,0.42352,0.56981
0.16081,0.44252,-0.38926,0.31000,0.33175
0.24221,0.53055,-0.11528,0.12172,0.11176
0.33455,0.60706,-0.05921,0.08060,-0.06667
0.43519,0.67232,-0.14669,0.25326,-0.19512
0.54188,0.72715,-0.17350,0.37633,-0.27627
0.65287,0.77268,-0.16559,0.44860,-0.31879
0.76684,0.81019,-0.14212,0.47888,-0.33302
0.88282,0.84093,-0.11471,0.47908,-0.32841
1.00015,0.86605,-0.08919,0.46015,-0.31247
1.11837,0.88659,-0.06782,0.43057,-0.29059
1.23719,0.90339,-0.05094,0.39623,-0.26633
1.35639,0.91719,-0.03805,0.36087,-0.24191
1.47585,0.92856,-0.02841,0.32668,-0.21861
1.59548,0.93798,-0.02126,0.29482,-0.19706
1.71522,0.94582,-0.01599,0.26578,-0.17751
1.83504,0.95239,-0.01210,0.23968,-0.15999
1.95491,0.95792,-0.00923,0.21643,-0.14441
2.07482,0.96261,-0.00709,0.19579,-0.13061
2.19475,0.96660,-0.00549,0.17754,-0.11841
2.31470,0.97003,-0.00429,0.16139,-0.10763
2.43467,0.97298,-0.00338,0.14710,-0.09809
2.55464,0.97554,-0.00268,0.13444,-0.08965
2.67462,0.97777,-0.00214,0.12321,-0.08215
2.79460,0.97971,-0.00173,0.11321,-0.07548
2.91459,0.98143,-0.00140,0.10430,-0.06954
3.03458,0.98294,-0.00115,0.09633,-0.06422
3.15457,0.98428,-0.00094,0.08919,-0.05946
3.27457,0.98548,-0.00078,0.08277,-0.05518
3.39456,0.98654,-0.00065,0.07698,-0.05132
3.51456,0.98750,-0.00054,0.07175,-0.04784
3.63456,0.98836,-0.00046,0.06702,-0.04468
3.75455,0.98914,-0.00039,0.06272,-0.04181
3.87455,0.98984,-0.00033,0.05880,-0.03920
3.99455,0.99048,-0.00028,0.05523,-0.03682
4.11455,0.99106,-0.00024,0.05197,-0.03464
4.23455,0.99159,-0.00021,0.04897,-0.03265
4.35455,0.99208,-0.00018,0.04622,-0.03082
4.47455,0.99252,-0.00016,0.04369,-0.02913
4.59455,0.99293,-0.00014,0.04136,-0.02757
4.71454,0.99331,-0.00012,0.03920,-0.02613
4.83454,0.99366,-0.00010,0.03721,-0.02480
4.95454,0.99398,-0.00009,0.03536,-0.02357
5.07454,0.99428,-0.00008,0.03364,-0.02242
5.19454,0.99456,-0.00007,0.03204,-0.02136
5.31454,0.99481,-0.00006,0.03055,-0.02037
5.43454,0.99505,-0.00006,0.02916,-0.01944
5.55454,0.99528,-0.00005,0.02786,-0.01857
5.67454,0.99549,-0.00004,0.02665,-0.01776
5.79454,0.99568,-0.00004,0.02551,-0.01700
5.91454,0.99587,-0.00004,0.02444,-0.01629
6.03454,0.99604,-0.00003,0.02344,-0.01562
6.15454,0.99620,-0.00003,0.02249,-0.01499
6.27454,0.99635,-0.00003,0.02160,-0.01440
6.39454,0.99650,-0.00002,0.02077,-0.01384
6.51454,0.99663,-0.00002,0.01998,-0.01332
6.63454,0.99676,-0.00002,0.01923,-0.01282
6.75454,0.99688,-0.00002,0.01852,-0.01235
