f,exact,printed
1.500,3.16228,3.00000
1.520,3.20025,3.04000
1.540,3.23827,3.08000
1.560,3.27634,3.12000
1.580,3.31445,3.16000
1.600,3.35261,3.20000
1.620,3.39081,3.24000
1.640,3.42905,3.28000
1.660,3.46733,3.32000
1.680,3.50565,3.36000
1.700,3.54401,3.40000
1.720,3.58240,3.44000
1.740,3.62083,3.48000
1.760,3.65929,3.52000
1.780,3.69778,3.56000
1.800,3.73631,3.60000
1.820,3.77486,3.64000
1.840,3.81345,3.68000
1.860,3.85206,3.72000
1.880,3.89071,3.76000
1.900,3.92938,3.80000
1.920,3.96807,3.84000
1.940,4.00679,3.88000
1.960,4.04554,3.92000
1.980,4.08431,3.96000
2.000,4.12311,4.00000
2.020,4.16192,4.04000
2.040,4.20076,4.08000
2.060,4.23962,4.12000
2.080,4.27850,4.16000
2.100,4.31741,4.20000
2.120,4.35633,4.24000
2.140,4.39527,4.28000
2.160,4.43423,4.32000
2.180,4.47321,4.36000
2.200,4.51221,4.40000
2.220,4.55122,4.44000
2.240,4.59025,4.48000
2.260,4.62930,4.52000
2.280,4.66836,4.56000
2.300,4.70744,4.60000
2.320,4.74654,4.64000
2.340,4.78565,4.68000
2.360,4.82477,4.72000
2.380,4.86391,4.76000
2.400,4.90306,4.80000
2.420,4.94223,4.84000
2.440,4.98141,4.88000
2.460,5.02060,4.92000
2.480,5.05980,4.96000
2.500,5.09902,5.00000
2.520,5.13825,5.04000
2.540,5.17749,5.08000
2.560,5.21674,5.12000
2.580,5.25601,5.16000
2.600,5.29528,5.20000
2.620,5.33457,5.24000
2.640,5.37386,5.28000
2.660,5.41317,5.32000
2.680,5.45249,5.36000
2.700,5.49181,5.40000
2.720,5.53115,5.44000
2.740,5.57049,5.48000
2.760,5.60985,5.52000
2.780,5.64921,5.56000
2.800,5.68859,5.60000
2.820,5.72797,5.64000
2.840,5.76736,5.68000
2.860,5.80675,5.72000
2.880,5.84616,5.76000
2.900,5.88558,5.80000
2.920,5.92500,5.84000
2.940,5.96443,5.88000
2.960,6.00387,5.92000
2.980,6.04331,5.96000
3.000,6.08276,6.00000
3.020,6.12222,6.04000
3.040,6.16169,6.08000
3.060,6.20116,6.12000
3.080,6.24064,6.16000
3.100,6.28013,6.20000
3.120,6.31962,6.24000
3.140,6.35912,6.28000
3.160,6.39862,6.32000
3.180,6.43814,6.36000
3.200,6.47765,6.40000
3.220,6.51718,6.44000
3.240,6.55671,6.48000
3.260,6.59624,6.52000
3.280,6.63578,6.56000
3.300,6.67533,6.60000
3.320,6.71488,6.64000
3.340,6.75444,6.68000
3.360,6.79400,6.72000
3.380,6.83356,6.76000
3.400,6.87314,6.80000
3.420,6.91271,6.84000
3.440,6.95229,6.88000
3.460,6.99188,6.92000
3.480,7.03147,6.96000
3.500,7.07107,7.00000
3.520,7.11067,7.04000
3.540,7.15027,7.08000
3.560,7.18988,7.12000
3.580,7.22950,7.16000
3.600,7.26911,7.20000
3.620,7.30873,7.24000
3.640,7.34836,7.28000
3.660,7.38799,7.32000
3.680,7.42762,7.36000
3.700,7.46726,7.40000
3.720,7.50690,7.44000
3.740,7.54655,7.48000
3.760,7.58620,7.52000
3.780,7.62585,7.56000
3.800,7.66551,7.60000
3.820,7.70517,7.64000
3.840,7.74483,7.68000
3.860,7.78450,7.72000
3.880,7.82417,7.76000
3.900,7.86384,7.80000
3.920,7.90352,7.84000
3.940,7.94320,7.88000
3.960,7.98288,7.92000
3.980,8.02257,7.96000
4.000,8.06226,8.00000
4.020,8.10195,8.04000
4.040,8.14165,8.08000
4.060,8.18134,8.12000
4.080,8.22105,8.16000
4.100,8.26075,8.20000
4.120,8.30046,8.24000
4.140,8.34017,8.28000
4.160,8.37988,8.32000
4.180,8.41960,8.36000
4.200,8.45931,8.40000
4.220,8.49904,8.44000
4.240,8.53876,8.48000
4.260,8.57848,8.52000
4.280,8.61821,8.56000
4.300,8.65794,8.60000
4.320,8.69768,8.64000
4.340,8.73741,8.68000
4.360,8.77715,8.72000
4.380,8.81689,8.76000
4.400,8.85664,8.80000
4.420,8.89638,8.84000
4.440,8.93613,8.88000
4.460,8.97588,8.92000
4.480,9.01563,8.96000
4.500,9.05539,9.00000
4.520,9.09514,9.04000
4.540,9.13490,9.08000
4.560,9.17466,9.12000
4.580,9.21442,9.16000
4.600,9.25419,9.20000
4.620,9.29396,9.24000
4.640,9.33372,9.28000
4.660,9.37349,9.32000
4.680,9.41327,9.36000
4.700,9.45304,9.40000
4.720,9.49282,9.44000
4.740,9.53260,9.48000
4.760,9.57238,9.52000
4.780,9.61216,9.56000
4.800,9.65194,9.60000
4.820,9.69173,9.64000
4.840,9.73152,9.68000
4.860,9.77130,9.72000
4.880,9.81110,9.76000
4.900,9.85089,9.80000
4.920,9.89068,9.84000
4.940,9.93048,9.88000
4.960,9.97028,9.92000
4.980,10.01007,9.96000
5.000,10.04988,10.00000
5.020,10.08968,10.04000
5.040,10.12948,10.08000
5.060,10.16929,10.12000
5.080,10.20909,10.16000
5.100,10.24890,10.20000
5.120,10.28871,10.24000
5.140,10.32852,10.28000
5.160,10.36834,10.32000
5.180,10.40815,10.36000
5.200,10.44797,10.40000
5.220,10.48778,10.44000
5.240,10.52760,10.48000
5.260,10.56742,10.52000
5.280,10.60724,10.56000
5.300,10.64707,10.60000
5.320,10.68689,10.64000
5.340,10.72671,10.68000
5.360,10.76654,10.72000
5.380,10.80637,10.76000
5.400,10.84620,10.80000
5.420,10.88603,10.84000
5.440,10.92586,10.88000
5.460,10.96569,10.92000
5.480,11.00553,10.96000
5.500,11.04536,11.00000
5.520,11.08520,11.04000
5.540,11.12503,11.08000
5.560,11.16487,11.12000
5.580,11.20471,11.16000
5.600,11.24455,11.20000
5.620,11.28440,11.24000
5.640,11.32424,11.28000
5.660,11.36408,11.32000
5.680,11.40393,11.36000
5.700,11.44378,11.40000
5.720,11.48362,11.44000
5.740,11.52347,11.48000
5.760,11.56332,11.52000
5.780,11.60317,11.56000
5.800,11.64302,11.60000
5.820,11.68288,11.64000
5.840,11.72273,11.68000
5.860,11.76258,11.72000
5.880,11.80244,11.76000
5.900,11.84230,11.80000
5.920,11.88215,11.84000
5.940,11.92201,11.88000
5.960,11.96187,11.92000
5.980,12.00173,11.96000
6.000,12.04159,12.00000
