M,r
1.0382,1.6934
1.0395,1.7063
1.0408,1.7191
1.0421,1.7319
1.0436,1.7445
1.0453,1.7569
1.0470,1.7693
1.0489,1.7815
1.0509,1.7938
1.0530,1.8060
1.0552,1.8182
1.0574,1.8304
1.0598,1.8427
1.0622,1.8549
1.0648,1.8672
1.0674,1.8794
1.0700,1.8916
1.0728,1.9038
1.0756,1.9160
1.0785,1.9281
1.0815,1.9402
1.0845,1.9523
1.0877,1.9643
1.0909,1.9761
1.0942,1.9879
1.0976,1.9996
1.1011,2.0113
1.1047,2.0227
1.1084,2.0341
1.1123,2.0452
1.1162,2.0562
1.1203,2.0669
1.1245,2.0774
1.1289,2.0876
1.1334,2.0975
1.1381,2.1070
1.1429,2.1161
1.1480,2.1247
1.1532,2.1328
1.1586,2.1403
1.1641,2.1471
1.1699,2.1532
1.1759,2.1585
1.1820,2.1628
1.1884,2.1661
1.1949,2.1684
1.2016,2.1700
1.2082,2.1709
1.2149,2.1712
1.2217,2.1711
1.2284,2.1708
1.2352,2.1702
1.2419,2.1694
1.2486,2.1683
1.2552,2.1668
1.2618,2.1651
1.2683,2.1631
1.2748,2.1610
1.2813,2.1586
1.2878,2.1561
1.2942,2.1534
1.3005,2.1506
1.3069,2.1476
1.3132,2.1445
1.3195,2.1413
1.3257,2.1380
1.3320,2.1347
1.3382,2.1314
1.3444,2.1281
1.3506,2.1247
1.3568,2.1214
1.3630,2.1180
1.3693,2.1147
1.3755,2.1114
1.3817,2.1081
1.3880,2.1048
1.3942,2.1015
1.4005,2.0983
1.4071,2.0951
1.4137,2.0919
1.4202,2.0888
1.4269,2.0858
1.4335,2.0828
1.4401,2.0799
1.4468,2.0771
1.4534,2.0745
1.4601,2.0719
1.4668,2.0694
1.4735,2.0670
1.4803,2.0647
1.4870,2.0624
1.4937,2.0602
1.5004,2.0581
1.5072,2.0560
1.5139,2.0539
1.5206,2.0519
1.5274,2.0500
1.5341,2.0480
1.5409,2.0461
1.5477,2.0442
1.5544,2.0423
1.5612,2.0405
1.5680,2.0387
1.5748,2.0371
1.5817,2.0354
1.5885,2.0339
1.5954,2.0324
1.6022,2.0310
1.6088,2.0296
1.6154,2.0283
1.6220,2.0271
1.6287,2.0259
1.6353,2.0248
1.6420,2.0237
1.6486,2.0226
1.6553,2.0215
1.6619,2.0204
1.6686,2.0192
1.6753,2.0180
1.6819,2.0168
1.6886,2.0155
1.6952,2.0141
1.7019,2.0128
1.7085,2.0114
1.7152,2.0101
1.7218,2.0088
1.7285,2.0076
1.7352,2.0064
1.7419,2.0053
1.7485,2.0043
1.7552,2.0034
1.7619,2.0027
1.7686,2.0020
1.7753,2.0014
1.7821,2.0009
1.7888,2.0005
1.7955,2.0001
1.8023,1.9999
1.8093,1.9997
1.8163,1.9995
1.8233,1.9994
1.8303,1.9993
1.8373,1.9993
1.8443,1.9993
1.8513,1.9993
1.8583,1.9993
1.8653,1.9994
1.8723,1.9994
1.8793,1.9995
1.8863,1.9995
1.8933,1.9996
1.9004,1.9996
1.9074,1.9997
1.9144,1.9997
1.9214,1.9998
1.9284,1.9998
1.9354,1.9999
1.9424,1.9999
1.9494,1.9999
1.9564,1.9999
1.9634,2.0000
1.9704,2.0000
1.9774,2.0000
1.9844,2.0000
1.9914,2.0001
1.9984,2.0001
2.0000,2.0001
2.0000,2.0001
2.0000,2.0001
