km,t
0.001,1.43095
0.00101937,1.43100
0.00103912,1.43105
0.00105925,1.43109
0.00107978,1.43114
0.00110069,1.43119
0.00112202,1.43124
0.00114376,1.43130
0.00116591,1.43135
0.0011885,1.43140
0.00121153,1.43146
0.001235,1.43151
0.00125893,1.43157
0.00128332,1.43163
0.00130818,1.43169
0.00133352,1.43175
0.00135936,1.43181
0.00138569,1.43187
0.00141254,1.43194
0.0014399,1.43200
0.0014678,1.43207
0.00149624,1.43214
0.00152522,1.43221
0.00155477,1.43228
0.00158489,1.43235
0.0016156,1.43242
0.0016469,1.43250
0.0016788,1.43257
0.00171133,1.43265
0.00174448,1.43273
0.00177828,1.43281
0.00181273,1.43289
0.00184785,1.43298
0.00188365,1.43306
0.00192014,1.43315
0.00195734,1.43324
0.00199526,1.43333
0.00203392,1.43342
0.00207332,1.43351
0.00211349,1.43361
0.00215443,1.43371
0.00219617,1.43381
0.00223872,1.43391
0.00228209,1.43401
0.00232631,1.43412
0.00237137,1.43422
0.00241732,1.43433
0.00246415,1.43445
0.00251189,1.43456
0.00256055,1.43468
0.00261016,1.43479
0.00266073,1.43491
0.00271227,1.43504
0.00276482,1.43516
0.00281838,1.43529
0.00287298,1.43542
0.00292864,1.43555
0.00298538,1.43569
0.00304322,1.43583
0.00310218,1.43597
0.00316228,1.43611
0.00322354,1.43626
0.00328599,1.43641
0.00334965,1.43656
0.00341455,1.43672
0.0034807,1.43687
0.00354813,1.43703
0.00361687,1.43720
0.00368695,1.43737
0.00375837,1.43754
0.00383119,1.43771
0.00390541,1.43789
0.00398107,1.43807
0.0040582,1.43825
0.00413682,1.43844
0.00421697,1.43863
0.00429866,1.43883
0.00438194,1.43903
0.00446684,1.43923
0.00455337,1.43944
0.00464159,1.43965
0.00473151,1.43986
0.00482318,1.44008
0.00491662,1.44031
0.00501187,1.44053
0.00510897,1.44077
0.00520795,1.44100
0.00530884,1.44124
0.0054117,1.44149
0.00551654,1.44174
0.00562341,1.44200
0.00573236,1.44226
0.00584341,1.44252
0.00595662,1.44280
0.00607202,1.44307
0.00618966,1.44335
0.00630957,1.44364
0.00643181,1.44393
0.00655642,1.44423
0.00668344,1.44454
0.00681292,1.44485
0.00694491,1.44516
0.00707946,1.44549
0.00721661,1.44581
0.00735642,1.44615
0.00749894,1.44649
0.00764422,1.44684
0.00779232,1.44719
0.00794328,1.44756
0.00809717,1.44793
0.00825404,1.44830
0.00841395,1.44869
0.00857696,1.44908
0.00874312,1.44948
0.00891251,1.44988
0.00908518,1.45030
0.00926119,1.45072
0.00944061,1.45115
0.00962351,1.45159
0.00980995,1.45204
0.01,1.45250
0.0101937,1.45296
0.0103912,1.45344
0.0105925,1.45392
0.0107978,1.45441
0.0110069,1.45492
0.0112202,1.45543
0.0114376,1.45595
0.0116591,1.45649
0.011885,1.45703
0.0121153,1.45758
0.01235,1.45815
0.0125893,1.45873
0.0128332,1.45931
0.0130818,1.45991
0.0133352,1.46052
0.0135936,1.46115
0.0138569,1.46178
0.0141254,1.46243
0.014399,1.46309
0.014678,1.46376
0.0149624,1.46445
0.0152522,1.46515
0.0155477,1.46586
0.0158489,1.46659
0.016156,1.46733
0.016469,1.46809
0.016788,1.46886
0.0171133,1.46964
0.0174448,1.47045
0.0177828,1.47126
0.0181273,1.47210
0.0184785,1.47295
0.0188365,1.47381
0.0192014,1.47470
0.0195734,1.47560
0.0199526,1.47652
0.0203392,1.47745
0.0207332,1.47841
0.0211349,1.47938
0.0215443,1.48038
0.0219617,1.48139
0.0223872,1.48242
0.0228209,1.48348
0.0232631,1.48455
0.0237137,1.48564
0.0241732,1.48676
0.0246415,1.48790
0.0251189,1.48906
0.0256055,1.49025
0.0261016,1.49145
0.0266073,1.49268
0.0271227,1.49394
0.0276482,1.49522
0.0281838,1.49653
0.0287298,1.49786
0.0292864,1.49921
0.0298538,1.50060
0.0304322,1.50201
0.0310218,1.50345
0.0316228,1.50492
0.0322354,1.50642
0.0328599,1.50794
0.0334965,1.50950
0.0341455,1.51109
0.034807,1.51271
0.0354813,1.51436
0.0361687,1.51604
0.0368695,1.51776
0.0375837,1.51951
0.0383119,1.52129
0.0390541,1.52312
0.0398107,1.52497
0.040582,1.52687
0.0413682,1.52880
0.0421697,1.53077
0.0429866,1.53278
0.0438194,1.53483
0.0446684,1.53692
0.0455337,1.53905
0.0464159,1.54122
0.0473151,1.54343
0.0482318,1.54569
0.0491662,1.54800
0.0501187,1.55035
0.0510897,1.55274
0.0520795,1.55519
0.0530884,1.55768
0.054117,1.56022
0.0551654,1.56281
0.0562341,1.56546
0.0573236,1.56815
0.0584341,1.57090
0.0595662,1.57371
0.0607202,1.57656
0.0618966,1.57948
0.0630957,1.58245
0.0643181,1.58548
0.0655642,1.58858
0.0668344,1.59173
0.0681292,1.59494
0.0694491,1.59822
0.0707946,1.60156
0.0721661,1.60497
0.0735642,1.60845
0.0749894,1.61199
0.0764422,1.61560
0.0779232,1.61929
0.0794328,1.62305
0.0809717,1.62688
0.0825404,1.63078
0.0841395,1.63476
0.0857696,1.63882
0.0874312,1.64296
0.0891251,1.64718
0.0908518,1.65148
0.0926119,1.65587
0.0944061,1.66034
0.0962351,1.66490
0.0980995,1.66955
0.1,1.67428
