Omega,true,linear
0,0.0,0.0
1,12500.0,12500.0
2,25000.0,25000.0
3,37500.0,37500.0
4,50000.0,50000.0
5,62500.0,62500.0
6,75000.0,75000.0
7,87500.0,87500.0
8,100000.0,100000.0
9,112500.0,112500.0
10,125000.0,125000.0
11,137500.0,137500.0
12,150000.0,150000.0
13,162500.0,162500.0
14,175000.0,175000.0
15,187500.0,187500.0
16,200000.0,200000.0
17,212500.0,212500.0
18,225000.0,225000.0
19,237500.0,237500.0
20,250000.0,250000.0
21,262500.0,262500.0
22,275000.0,275000.0
23,287500.0,287500.0
24,300000.0,300000.0
25,312500.0,312500.0
26,325000.0,325000.0
27,337500.0,337500.0
28,350000.0,350000.0
29,362500.0,362500.0
30,375000.0,375000.0
31,387500.0,387500.0
32,400000.0,400000.0
33,412500.0,412500.0
34,425000.0,425000.0
35,437500.0,437500.0
36,450000.0,450000.0
37,462500.0,462500.0
38,475000.0,475000.0
39,487500.0,487500.0
40,500000.0,500000.0
41,512500.0,512500.0
42,525000.0,525000.0
43,537500.0,537500.0
44,550000.0,550000.0
45,562500.0,562500.0
46,575000.0,575000.0
47,587500.0,587500.0
48,600000.0,600000.0
49,612500.0,612500.0
50,625000.0,625000.0
51,637500.0,637500.0
52,650000.0,650000.0
53,662500.0,662500.0
54,675000.0,675000.0
55,687500.0,687500.0
56,700000.0,700000.0
57,712500.0,712500.0
58,725000.0,725000.0
59,737500.0,737500.0
60,750000.0,750000.0
61,762499.0,762500.0
62,774991.0,775000.0
63,787470.0,787500.0
64,799930.0,800000.0
65,812363.0,812500.0
66,824762.0,825000.0
67,837123.0,837500.0
68,849437.0,850000.0
69,861698.0,862500.0
70,873900.0,875000.0
71,886036.0,887500.0
72,898100.0,900000.0
73,910084.0,912500.0
74,921982.0,925000.0
75,933788.0,937500.0
76,945495.0,950000.0
77,957097.0,962500.0
78,968586.0,975000.0
79,979958.0,987500.0
80,991209.0,1000000.0
81,1002338.0,1012500.0
82,1013344.0,1025000.0
83,1024225.0,1037500.0
84,1034980.0,1050000.0
85,1045606.0,1062500.0
86,1056104.0,1075000.0
87,1066470.0,1087500.0
88,1076704.0,1100000.0
89,1086803.0,1112500.0
90,1096768.0,1125000.0
91,1106595.0,1137500.0
92,1116283.0,1150000.0
93,1125832.0,1162500.0
94,1135238.0,1175000.0
95,1144502.0,1187500.0
96,1153621.0,1200000.0
97,1162594.0,1212500.0
98,1171418.0,1225000.0
99,1180093.0,1237500.0
100,1188617.0,1250000.0
101,1196988.0,1262500.0
102,1205204.0,1275000.0
103,1213263.0,1287500.0
104,1221165.0,1300000.0
105,1228906.0,1312500.0
106,1236486.0,1325000.0
107,1243903.0,1337500.0
108,1251155.0,1350000.0
109,1258240.0,1362500.0
110,1265157.0,1375000.0
111,1271904.0,1387500.0
112,1278479.0,1400000.0
113,1284880.0,1412500.0
114,1291107.0,1425000.0
115,1297156.0,1437500.0
116,1303021.0,1450000.0
117,1308697.0,1462500.0
118,1314176.0,1475000.0
119,1319452.0,1487500.0
120,1324519.0,1500000.0
121,1329370.0,1512500.0
122,1333998.0,1525000.0
123,1338397.0,1537500.0
124,1342560.0,1550000.0
125,1346482.0,1562500.0
126,1350154.0,1575000.0
127,1353572.0,1587500.0
128,1356728.0,1600000.0
129,1359615.0,1612500.0
130,1362228.0,1625000.0
131,1364560.0,1637500.0
132,1366603.0,1650000.0
133,1368355.0,1662500.0
134,1369818.0,1675000.0
135,1370999.0,1687500.0
136,1371903.0,1700000.0
137,1372537.0,1712500.0
138,1372906.0,1725000.0
139,1373018.0,1737500.0
140,1372876.0,1750000.0
141,1372488.0,1762500.0
142,1371860.0,1775000.0
143,1370997.0,1787500.0
144,1369906.0,1800000.0
145,1368592.0,1812500.0
146,1367062.0,1825000.0
147,1365322.0,1837500.0
148,1363376.0,1850000.0
149,1361232.0,1862500.0
150,1358896.0,1875000.0
