alpha,true,linear
0,0.0,0.0
0.002,2000.0,2000.0
0.004,4000.0,4000.0
0.006,6000.0,6000.0
0.008,8000.0,8000.0
0.01,10000.0,10000.0
0.012,12000.0,12000.0
0.014,14000.0,14000.0
0.016,16000.0,16000.0
0.018,18000.0,18000.0
0.02,20000.0,20000.0
0.022,22000.0,22000.0
0.024,24000.0,24000.0
0.026,26000.0,26000.0
0.028,28000.0,28000.0
0.03,30000.0,30000.0
0.032,32000.0,32000.0
0.034,34000.0,34000.0
0.036,36000.0,36000.0
0.038,38000.0,38000.0
0.04,40000.0,40000.0
0.042,42000.0,42000.0
0.044,44000.0,44000.0
0.046,46000.0,46000.0
0.048,48000.0,48000.0
0.05,50000.0,50000.0
0.052,52000.0,52000.0
0.054,54000.0,54000.0
0.056,56000.0,56000.0
0.058,58000.0,58000.0
0.06,60000.0,60000.0
0.062,62000.0,62000.0
0.064,64000.0,64000.0
0.066,66000.0,66000.0
0.068,68000.0,68000.0
0.07,70000.0,70000.0
0.072,72000.0,72000.0
0.074,74000.0,74000.0
0.076,76000.0,76000.0
0.078,78000.0,78000.0
0.08,80000.0,80000.0
0.082,82000.0,82000.0
0.084,84000.0,84000.0
0.086,86000.0,86000.0
0.088,88000.0,88000.0
0.09,90000.0,90000.0
0.092,92000.0,92000.0
0.094,94000.0,94000.0
0.096,96000.0,96000.0
0.098,98000.0,98000.0
0.1,100000.0,100000.0
0.102,102000.0,102000.0
0.104,104000.0,104000.0
0.106,106000.0,106000.0
0.108,108000.0,108000.0
0.11,110000.0,110000.0
0.112,112000.0,112000.0
0.114,114000.0,114000.0
0.116,116000.0,116000.0
0.118,118000.0,118000.0
0.12,120000.0,120000.0
0.122,122000.0,122000.0
0.124,124000.0,124000.0
0.126,126000.0,126000.0
0.128,128000.0,128000.0
0.13,130000.0,130000.0
0.132,132000.0,132000.0
0.134,134000.0,134000.0
0.136,136000.0,136000.0
0.138,138000.0,138000.0
0.14,140000.0,140000.0
0.142,142000.0,142000.0
0.144,144000.0,144000.0
0.146,146000.0,146000.0
0.148,148000.0,148000.0
0.15,150000.0,150000.0
0.152,152000.0,152000.0
0.154,154000.0,154000.0
0.156,156000.0,156000.0
0.158,158000.0,158000.0
0.16,160000.0,160000.0
0.162,162000.0,162000.0
0.164,164000.0,164000.0
0.166,166000.0,166000.0
0.168,168000.0,168000.0
0.17,170000.0,170000.0
0.172,172000.0,172000.0
0.174,174000.0,174000.0
0.176,176000.0,176000.0
0.178,178000.0,178000.0
0.18,180000.0,180000.0
0.182,182000.0,182000.0
0.184,184000.0,184000.0
0.186,186000.0,186000.0
0.188,188000.0,188000.0
0.19,190000.0,190000.0
0.192,192000.0,192000.0
0.194,194000.0,194000.0
0.196,196000.0,196000.0
0.198,198000.0,198000.0
0.2,200000.0,200000.0
0.202,201998.5,202000.0
0.204,203987.8,204000.0
0.206,205958.7,206000.0
0.208,207902.1,208000.0
0.21,209808.8,210000.0
0.212,211669.6,212000.0
0.214,213475.4,214000.0
0.216,215216.9,216000.0
0.218,216885.0,218000.0
0.22,218470.5,220000.0
0.222,219966.8,222000.0
0.224,221377.4,224000.0
0.226,222708.3,226000.0
0.228,223965.5,228000.0
0.23,225155.2,230000.0
0.232,226283.4,232000.0
0.234,227356.0,234000.0
0.236,228379.2,236000.0
0.238,229359.0,238000.0
0.24,230301.5,240000.0
0.242,231211.7,242000.0
0.244,232090.5,244000.0
0.246,232938.0,246000.0
0.248,233754.2,248000.0
0.25,234539.0,250000.0
0.252,235292.5,252000.0
0.254,236014.7,254000.0
0.256,236705.4,256000.0
0.258,237364.8,258000.0
0.26,237992.8,260000.0
0.262,238589.5,262000.0
0.264,239155.9,264000.0
0.266,239692.8,266000.0
0.268,240201.4,268000.0
0.27,240682.6,270000.0
0.272,241137.4,272000.0
0.274,241566.9,274000.0
0.276,241972.0,276000.0
0.278,242353.7,278000.0
0.28,242713.1,280000.0
0.282,243050.5,282000.0
0.284,243363.9,284000.0
0.286,243650.5,286000.0
0.288,243907.7,288000.0
0.29,244132.7,290000.0
0.292,244322.8,292000.0
0.294,244475.4,294000.0
0.296,244587.8,296000.0
0.298,244657.2,298000.0
0.3,244680.9,300000.0
