beta,z02,z05,z07,z1,z2
0.0000,0.00000,0.00000,0.00000,0.00000,0.00000
0.0025,-0.00100,-0.00250,-0.00354,-0.00500,-0.01000
0.0050,-0.00200,-0.00500,-0.00707,-0.01000,-0.02000
0.0075,-0.00300,-0.00750,-0.01061,-0.01500,-0.02999
0.0100,-0.00400,-0.01000,-0.01414,-0.02000,-0.03998
0.0125,-0.00500,-0.01250,-0.01768,-0.02500,-0.04997
0.0150,-0.00600,-0.01500,-0.02121,-0.03000,-0.05994
0.0175,-0.00700,-0.01750,-0.02475,-0.03500,-0.06991
0.0200,-0.00800,-0.02001,-0.02829,-0.03999,-0.07986
0.0225,-0.00900,-0.02251,-0.03183,-0.04499,-0.08980
0.0250,-0.01001,-0.02501,-0.03536,-0.04999,-0.09973
0.0275,-0.01101,-0.02751,-0.03890,-0.05499,-0.10964
0.0300,-0.01201,-0.03002,-0.04244,-0.05998,-0.11954
0.0325,-0.01301,-0.03252,-0.04598,-0.06498,-0.12941
0.0350,-0.01402,-0.03503,-0.04952,-0.06997,-0.13926
0.0375,-0.01502,-0.03754,-0.05306,-0.07496,-0.14910
0.0400,-0.01602,-0.04004,-0.05660,-0.07996,-0.15891
0.0425,-0.01703,-0.04255,-0.06014,-0.08495,-0.16869
0.0450,-0.01803,-0.04506,-0.06368,-0.08994,-0.17845
0.0475,-0.01904,-0.04757,-0.06723,-0.09493,-0.18818
0.0500,-0.02005,-0.05008,-0.07077,-0.09992,-0.19788
0.0525,-0.02105,-0.05260,-0.07431,-0.10490,-0.20755
0.0550,-0.02206,-0.05511,-0.07786,-0.10989,-0.21719
0.0575,-0.02307,-0.05763,-0.08141,-0.11487,-0.22679
0.0600,-0.02408,-0.06014,-0.08495,-0.11986,-0.23636
0.0625,-0.02509,-0.06266,-0.08850,-0.12484,-0.24590
0.0650,-0.02610,-0.06518,-0.09205,-0.12982,-0.25540
0.0675,-0.02712,-0.06771,-0.09560,-0.13480,-0.26486
0.0700,-0.02813,-0.07023,-0.09916,-0.13977,-0.27429
0.0725,-0.02914,-0.07275,-0.10271,-0.14475,-0.28367
0.0750,-0.03016,-0.07528,-0.10626,-0.14972,-0.29301
0.0775,-0.03118,-0.07781,-0.10982,-0.15469,-0.30231
0.0800,-0.03219,-0.08034,-0.11338,-0.15966,-0.31157
0.0825,-0.03321,-0.08288,-0.11694,-0.16463,-0.32079
0.0850,-0.03423,-0.08541,-0.12050,-0.16959,-0.32995
0.0875,-0.03526,-0.08795,-0.12406,-0.17456,-0.33908
0.0900,-0.03628,-0.09049,-0.12762,-0.17952,-0.34816
0.0925,-0.03730,-0.09303,-0.13119,-0.18448,-0.35719
0.0950,-0.03833,-0.09557,-0.13475,-0.18943,-0.36617
0.0975,-0.03935,-0.09812,-0.13832,-0.19439,-0.37510
0.1000,-0.04038,-0.10067,-0.14189,-0.19934,-0.38398
0.1025,-0.04141,-0.10322,-0.14546,-0.20429,-0.39282
0.1050,-0.04244,-0.10577,-0.14903,-0.20923,-0.40160
0.1075,-0.04348,-0.10833,-0.15261,-0.21418,-0.41033
0.1100,-0.04451,-0.11089,-0.15619,-0.21912,-0.41901
0.1125,-0.04555,-0.11345,-0.15977,-0.22406,-0.42764
0.1150,-0.04658,-0.11602,-0.16335,-0.22899,-0.43622
0.1175,-0.04762,-0.11859,-0.16693,-0.23393,-0.44474
0.1200,-0.04866,-0.12116,-0.17051,-0.23886,-0.45320
0.1225,-0.04971,-0.12373,-0.17410,-0.24379,-0.46162
0.1250,-0.05075,-0.12631,-0.17769,-0.24871,-0.46998
0.1275,-0.05180,-0.12889,-0.18128,-0.25363,-0.47828
0.1300,-0.05284,-0.13147,-0.18487,-0.25855,-0.48653
0.1325,-0.05389,-0.13406,-0.18847,-0.26347,-0.49472
0.1350,-0.05495,-0.13665,-0.19207,-0.26838,-0.50286
0.1375,-0.05600,-0.13924,-0.19567,-0.27329,-0.51094
0.1400,-0.05706,-0.14184,-0.19927,-0.27819,-0.51897
0.1425,-0.05812,-0.14444,-0.20287,-0.28309,-0.52694
0.1450,-0.05918,-0.14705,-0.20648,-0.28799,-0.53485
0.1475,-0.06024,-0.14965,-0.21009,-0.29289,-0.54271
0.1500,-0.06130,-0.15226,-0.21370,-0.29778,-0.55051
0.1525,-0.06237,-0.15488,-0.21732,-0.30267,-0.55826
0.1550,-0.06344,-0.15750,-0.22093,-0.30755,-0.56594
0.1575,-0.06451,-0.16012,-0.22455,-0.31243,-0.57358
0.1600,-0.06559,-0.16275,-0.22817,-0.31731,-0.58115
0.1625,-0.06666,-0.16538,-0.23180,-0.32218,-0.58867
0.1650,-0.06774,-0.16802,-0.23543,-0.32705,-0.59613
0.1675,-0.06883,-0.17066,-0.23906,-0.33192,-0.60354
0.1700,-0.06991,-0.17330,-0.24269,-0.33678,-0.61088
0.1725,-0.07100,-0.17595,-0.24633,-0.34164,-0.61818
0.1750,-0.07209,-0.17860,-0.24997,-0.34649,-0.62541
0.1775,-0.07318,-0.18126,-0.25361,-0.35134,-0.63260
0.1800,-0.07427,-0.18392,-0.25725,-0.35619,-0.63972
0.1825,-0.07537,-0.18659,-0.26090,-0.36103,-0.64679
0.1850,-0.07647,-0.18926,-0.26455,-0.36586,-0.65380
0.1875,-0.07758,-0.19194,-0.26821,-0.37070,-0.66076
0.1900,-0.07868,-0.19462,-0.27186,-0.37552,-0.66767
0.1925,-0.07979,-0.19731,-0.27552,-0.38035,-0.67452
0.1950,-0.08091,-0.20000,-0.27919,-0.38517,-0.68131
0.1975,-0.08202,-0.20269,-0.28285,-0.38998,-0.68805
0.2000,-0.08314,-0.20540,-0.28652,-0.39479,-0.69474
0.2025,-0.08426,-0.20810,-0.29019,-0.39960,-0.70137
0.2050,-0.08539,-0.21081,-0.29387,-0.40440,-0.70795
0.2075,-0.08652,-0.21353,-0.29755,-0.40919,-0.71448
0.2100,-0.08765,-0.21625,-0.30123,-0.41398,-0.72095
0.2125,-0.08879,-0.21898,-0.30492,-0.41877,-0.72737
0.2150,-0.08992,-0.22171,-0.30861,-0.42355,-0.73374
0.2175,-0.09107,-0.22445,-0.31230,-0.42833,-0.74006
0.2200,-0.09221,-0.22720,-0.31600,-0.43310,-0.74633
0.2225,-0.09336,-0.22995,-0.31970,-0.43787,-0.75254
0.2250,-0.09452,-0.23270,-0.32340,-0.44263,-0.75871
0.2275,-0.09567,-0.23547,-0.32711,-0.44739,-0.76482
0.2300,-0.09683,-0.23823,-0.33082,-0.45214,-0.77088
0.2325,-0.09800,-0.24101,-0.33453,-0.45688,-0.77690
0.2350,-0.09917,-0.24379,-0.33825,-0.46162,-0.78286
0.2375,-0.10034,-0.24658,-0.34197,-0.46636,-0.78878
0.2400,-0.10152,-0.24937,-0.34569,-0.47109,-0.79465
0.2425,-0.10270,-0.25217,-0.34942,-0.47581,-0.80047
0.2450,-0.10388,-0.25497,-0.35315,-0.48053,-0.80624
0.2475,-0.10507,-0.25778,-0.35689,-0.48525,-0.81197
0.2500,-0.10626,-0.26060,-0.36063,-0.48996,-0.81765
0.2525,-0.10746,-0.26343,-0.36437,-0.49466,-0.82328
0.2550,-0.10866,-0.26626,-0.36812,-0.49936,-0.82886
0.2575,-0.10987,-0.26910,-0.37187,-0.50405,-0.83440
0.2600,-0.11108,-0.27194,-0.37563,-0.50874,-0.83990
0.2625,-0.11230,-0.27479,-0.37939,-0.51342,-0.84535
0.2650,-0.11352,-0.27765,-0.38315,-0.51809,-0.85075
0.2675,-0.11474,-0.28052,-0.38692,-0.52276,-0.85611
0.2700,-0.11597,-0.28339,-0.39069,-0.52742,-0.86143
0.2725,-0.11720,-0.28627,-0.39447,-0.53208,-0.86671
0.2750,-0.11844,-0.28916,-0.39825,-0.53673,-0.87194
0.2775,-0.11969,-0.29205,-0.40203,-0.54138,-0.87713
0.2800,-0.12093,-0.29496,-0.40582,-0.54602,-0.88227
0.2825,-0.12219,-0.29787,-0.40961,-0.55065,-0.88738
0.2850,-0.12345,-0.30078,-0.41340,-0.55528,-0.89244
0.2875,-0.12471,-0.30371,-0.41720,-0.55990,-0.89747
0.2900,-0.12598,-0.30664,-0.42101,-0.56451,-0.90245
0.2925,-0.12726,-0.30958,-0.42481,-0.56912,-0.90739
0.2950,-0.12854,-0.31253,-0.42863,-0.57373,-0.91229
0.2975,-0.12982,-0.31549,-0.43244,-0.57832,-0.91716
0.3000,-0.13111,-0.31845,-0.43626,-0.58291,-0.92198
0.3025,-0.13241,-0.32142,-0.44009,-0.58750,-0.92677
0.3050,-0.13371,-0.32440,-0.44392,-0.59208,-0.93152
0.3075,-0.13502,-0.32739,-0.44775,-0.59665,-0.93623
0.3100,-0.13633,-0.33039,-0.45159,-0.60121,-0.94090
0.3125,-0.13765,-0.33339,-0.45543,-0.60577,-0.94554
0.3150,-0.13898,-0.33641,-0.45928,-0.61032,-0.95014
0.3175,-0.14031,-0.33943,-0.46313,-0.61487,-0.95470
0.3200,-0.14165,-0.34246,-0.46698,-0.61941,-0.95923
0.3225,-0.14299,-0.34550,-0.47084,-0.62394,-0.96372
0.3250,-0.14434,-0.34855,-0.47471,-0.62846,-0.96818
0.3275,-0.14570,-0.35160,-0.47857,-0.63298,-0.97261
0.3300,-0.14706,-0.35467,-0.48245,-0.63750,-0.97699
0.3325,-0.14843,-0.35774,-0.48632,-0.64200,-0.98135
0.3350,-0.14981,-0.36083,-0.49020,-0.64650,-0.98567
0.3375,-0.15119,-0.36392,-0.49409,-0.65099,-0.98996
0.3400,-0.15258,-0.36702,-0.49798,-0.65548,-0.99421
0.3425,-0.15398,-0.37013,-0.50187,-0.65996,-0.99844
0.3450,-0.15538,-0.37325,-0.50577,-0.66443,-1.00263
0.3475,-0.15679,-0.37638,-0.50968,-0.66889,-1.00679
0.3500,-0.15821,-0.37952,-0.51358,-0.67335,-1.01091
0.3525,-0.15964,-0.38267,-0.51750,-0.67780,-1.01501
0.3550,-0.16107,-0.38583,-0.52141,-0.68224,-1.01908
0.3575,-0.16251,-0.38900,-0.52533,-0.68668,-1.02311
0.3600,-0.16396,-0.39218,-0.52926,-0.69111,-1.02712
0.3625,-0.16541,-0.39537,-0.53319,-0.69553,-1.03109
0.3650,-0.16687,-0.39856,-0.53712,-0.69995,-1.03504
0.3675,-0.16834,-0.40177,-0.54106,-0.70436,-1.03895
0.3700,-0.16982,-0.40499,-0.54501,-0.70876,-1.04284
0.3725,-0.17131,-0.40822,-0.54895,-0.71315,-1.04670
0.3750,-0.17280,-0.41146,-0.55291,-0.71754,-1.05053
0.3775,-0.17431,-0.41470,-0.55686,-0.72192,-1.05433
0.3800,-0.17582,-0.41796,-0.56082,-0.72629,-1.05811
0.3825,-0.17734,-0.42123,-0.56479,-0.73066,-1.06185
0.3850,-0.17887,-0.42451,-0.56876,-0.73502,-1.06558
0.3875,-0.18040,-0.42780,-0.57273,-0.73937,-1.06927
0.3900,-0.18195,-0.43111,-0.57671,-0.74371,-1.07294
0.3925,-0.18350,-0.43442,-0.58070,-0.74805,-1.07658
0.3950,-0.18507,-0.43774,-0.58468,-0.75238,-1.08019
0.3975,-0.18664,-0.44107,-0.58868,-0.75670,-1.08378
0.4000,-0.18822,-0.44442,-0.59267,-0.76101,-1.08735
0.4025,-0.18981,-0.44778,-0.59667,-0.76532,-1.09089
0.4050,-0.19141,-0.45114,-0.60068,-0.76962,-1.09440
0.4075,-0.19302,-0.45452,-0.60469,-0.77391,-1.09789
0.4100,-0.19464,-0.45791,-0.60870,-0.77819,-1.10136
0.4125,-0.19627,-0.46131,-0.61272,-0.78247,-1.10480
0.4150,-0.19791,-0.46472,-0.61675,-0.78674,-1.10822
0.4175,-0.19956,-0.46815,-0.62077,-0.79100,-1.11162
0.4200,-0.20122,-0.47158,-0.62480,-0.79526,-1.11499
0.4225,-0.20289,-0.47503,-0.62884,-0.79950,-1.11834
0.4250,-0.20457,-0.47849,-0.63288,-0.80374,-1.12166
0.4275,-0.20626,-0.48196,-0.63692,-0.80797,-1.12497
0.4300,-0.20797,-0.48544,-0.64097,-0.81220,-1.12825
0.4325,-0.20968,-0.48893,-0.64503,-0.81641,-1.13151
0.4350,-0.21140,-0.49244,-0.64908,-0.82062,-1.13475
0.4375,-0.21314,-0.49596,-0.65314,-0.82482,-1.13796
0.4400,-0.21488,-0.49949,-0.65721,-0.82901,-1.14116
0.4425,-0.21664,-0.50303,-0.66128,-0.83320,-1.14433
0.4450,-0.21841,-0.50658,-0.66535,-0.83738,-1.14749
0.4475,-0.22019,-0.51015,-0.66943,-0.84155,-1.15062
0.4500,-0.22199,-0.51373,-0.67351,-0.84571,-1.15373
0.4525,-0.22379,-0.51732,-0.67760,-0.84986,-1.15682
0.4550,-0.22561,-0.52092,-0.68169,-0.85401,-1.15990
0.4575,-0.22744,-0.52454,-0.68578,-0.85815,-1.16295
0.4600,-0.22928,-0.52817,-0.68988,-0.86228,-1.16598
0.4625,-0.23113,-0.53181,-0.69398,-0.86640,-1.16900
0.4650,-0.23300,-0.53547,-0.69809,-0.87052,-1.17199
0.4675,-0.23488,-0.53913,-0.70220,-0.87462,-1.17497
0.4700,-0.23678,-0.54281,-0.70631,-0.87872,-1.17793
0.4725,-0.23869,-0.54651,-0.71043,-0.88281,-1.18086
0.4750,-0.24061,-0.55021,-0.71455,-0.88690,-1.18378
0.4775,-0.24254,-0.55393,-0.71868,-0.89097,-1.18669
0.4800,-0.24449,-0.55766,-0.72281,-0.89504,-1.18957
0.4825,-0.24645,-0.56141,-0.72694,-0.89910,-1.19244
0.4850,-0.24843,-0.56517,-0.73108,-0.90315,-1.19529
0.4875,-0.25042,-0.56894,-0.73522,-0.90720,-1.19812
0.4900,-0.25243,-0.57273,-0.73936,-0.91123,-1.20093
0.4925,-0.25445,-0.57653,-0.74351,-0.91526,-1.20373
0.4950,-0.25648,-0.58034,-0.74766,-0.91928,-1.20651
0.4975,-0.25854,-0.58416,-0.75181,-0.92329,-1.20928
0.5000,-0.26060,-0.58800,-0.75597,-0.92730,-1.21203
0.5025,-0.26268,-0.59186,-0.76013,-0.93129,-1.21476
0.5050,-0.26478,-0.59572,-0.76430,-0.93528,-1.21747
0.5075,-0.26690,-0.59960,-0.76846,-0.93926,-1.22017
0.5100,-0.26903,-0.60350,-0.77263,-0.94323,-1.22286
0.5125,-0.27118,-0.60740,-0.77681,-0.94720,-1.22552
0.5150,-0.27334,-0.61133,-0.78099,-0.95115,-1.22818
0.5175,-0.27552,-0.61526,-0.78517,-0.95510,-1.23081
0.5200,-0.27772,-0.61921,-0.78935,-0.95904,-1.23344
0.5225,-0.27994,-0.62318,-0.79354,-0.96297,-1.23604
0.5250,-0.28217,-0.62715,-0.79773,-0.96689,-1.23864
0.5275,-0.28442,-0.63114,-0.80192,-0.97081,-1.24121
0.5300,-0.28669,-0.63515,-0.80612,-0.97472,-1.24378
0.5325,-0.28898,-0.63917,-0.81032,-0.97862,-1.24633
0.5350,-0.29129,-0.64320,-0.81452,-0.98251,-1.24886
0.5375,-0.29361,-0.64725,-0.81872,-0.98639,-1.25138
0.5400,-0.29596,-0.65131,-0.82293,-0.99027,-1.25389
0.5425,-0.29832,-0.65539,-0.82714,-0.99413,-1.25638
0.5450,-0.30071,-0.65948,-0.83135,-0.99799,-1.25886
0.5475,-0.30311,-0.66359,-0.83557,-1.00184,-1.26132
0.5500,-0.30554,-0.66771,-0.83979,-1.00569,-1.26378
0.5525,-0.30798,-0.67184,-0.84401,-1.00952,-1.26621
0.5550,-0.31045,-0.67599,-0.84823,-1.01335,-1.26864
0.5575,-0.31293,-0.68015,-0.85245,-1.01717,-1.27105
0.5600,-0.31544,-0.68433,-0.85668,-1.02098,-1.27345
0.5625,-0.31797,-0.68852,-0.86091,-1.02478,-1.27584
0.5650,-0.32053,-0.69273,-0.86514,-1.02857,-1.27821
0.5675,-0.32310,-0.69695,-0.86938,-1.03236,-1.28058
0.5700,-0.32570,-0.70119,-0.87361,-1.03614,-1.28292
0.5725,-0.32832,-0.70544,-0.87785,-1.03991,-1.28526
0.5750,-0.33097,-0.70970,-0.88209,-1.04367,-1.28759
0.5775,-0.33363,-0.71398,-0.88633,-1.04742,-1.28990
0.5800,-0.33633,-0.71827,-0.89057,-1.05117,-1.29220
0.5825,-0.33904,-0.72258,-0.89482,-1.05490,-1.29449
0.5850,-0.34178,-0.72691,-0.89907,-1.05863,-1.29677
0.5875,-0.34455,-0.73124,-0.90332,-1.06236,-1.29903
0.5900,-0.34734,-0.73560,-0.90757,-1.06607,-1.30129
0.5925,-0.35016,-0.73996,-0.91182,-1.06977,-1.30353
0.5950,-0.35300,-0.74434,-0.91607,-1.07347,-1.30576
0.5975,-0.35587,-0.74874,-0.92033,-1.07716,-1.30798
0.6000,-0.35877,-0.75315,-0.92458,-1.08084,-1.31019
0.6025,-0.36170,-0.75758,-0.92884,-1.08451,-1.31239
0.6050,-0.36465,-0.76202,-0.93310,-1.08818,-1.31458
0.6075,-0.36763,-0.76647,-0.93736,-1.09183,-1.31676
0.6100,-0.37064,-0.77094,-0.94162,-1.09548,-1.31893
0.6125,-0.37368,-0.77542,-0.94588,-1.09912,-1.32108
0.6150,-0.37674,-0.77992,-0.95014,-1.10275,-1.32323
0.6175,-0.37984,-0.78443,-0.95441,-1.10638,-1.32536
0.6200,-0.38297,-0.78896,-0.95867,-1.10999,-1.32749
0.6225,-0.38613,-0.79350,-0.96293,-1.11360,-1.32960
0.6250,-0.38932,-0.79806,-0.96720,-1.11720,-1.33171
0.6275,-0.39254,-0.80263,-0.97147,-1.12079,-1.33380
0.6300,-0.39579,-0.80721,-0.97573,-1.12437,-1.33589
0.6325,-0.39908,-0.81181,-0.98000,-1.12795,-1.33796
0.6350,-0.40240,-0.81642,-0.98427,-1.13152,-1.34003
0.6375,-0.40575,-0.82105,-0.98853,-1.13508,-1.34209
0.6400,-0.40914,-0.82569,-0.99280,-1.13863,-1.34413
0.6425,-0.41256,-0.83034,-0.99707,-1.14217,-1.34617
0.6450,-0.41601,-0.83501,-1.00134,-1.14570,-1.34820
0.6475,-0.41951,-0.83970,-1.00560,-1.14923,-1.35022
0.6500,-0.42303,-0.84439,-1.00987,-1.15275,-1.35223
0.6525,-0.42660,-0.84910,-1.01414,-1.15626,-1.35423
0.6550,-0.43020,-0.85383,-1.01841,-1.15976,-1.35622
0.6575,-0.43384,-0.85857,-1.02267,-1.16326,-1.35820
0.6600,-0.43752,-0.86332,-1.02694,-1.16675,-1.36018
0.6625,-0.44124,-0.86808,-1.03121,-1.17022,-1.36214
0.6650,-0.44499,-0.87286,-1.03547,-1.17370,-1.36410
0.6675,-0.44879,-0.87766,-1.03974,-1.17716,-1.36605
0.6700,-0.45263,-0.88246,-1.04400,-1.18061,-1.36799
0.6725,-0.45651,-0.88728,-1.04826,-1.18406,-1.36992
0.6750,-0.46043,-0.89212,-1.05253,-1.18750,-1.37184
0.6775,-0.46439,-0.89696,-1.05679,-1.19093,-1.37376
0.6800,-0.46840,-0.90182,-1.06105,-1.19435,-1.37566
0.6825,-0.47245,-0.90669,-1.06531,-1.19777,-1.37756
0.6850,-0.47654,-0.91158,-1.06956,-1.20118,-1.37945
0.6875,-0.48068,-0.91648,-1.07382,-1.20457,-1.38133
0.6900,-0.48487,-0.92139,-1.07808,-1.20797,-1.38321
0.6925,-0.48910,-0.92631,-1.08233,-1.21135,-1.38508
0.6950,-0.49338,-0.93124,-1.08658,-1.21472,-1.38693
0.6975,-0.49771,-0.93619,-1.09083,-1.21809,-1.38879
0.7000,-0.50209,-0.94115,-1.09508,-1.22145,-1.39063
0.7025,-0.50652,-0.94612,-1.09933,-1.22480,-1.39246
0.7050,-0.51099,-0.95111,-1.10357,-1.22815,-1.39429
0.7075,-0.51552,-0.95610,-1.10782,-1.23148,-1.39611
0.7100,-0.52010,-0.96111,-1.11206,-1.23481,-1.39793
0.7125,-0.52473,-0.96613,-1.11630,-1.23813,-1.39973
0.7150,-0.52942,-0.97116,-1.12053,-1.24144,-1.40153
0.7175,-0.53416,-0.97620,-1.12477,-1.24475,-1.40332
0.7200,-0.53895,-0.98126,-1.12900,-1.24805,-1.40511
0.7225,-0.54380,-0.98632,-1.13323,-1.25134,-1.40688
0.7250,-0.54871,-0.99140,-1.13746,-1.25462,-1.40865
0.7275,-0.55367,-0.99648,-1.14168,-1.25789,-1.41042
0.7300,-0.55870,-1.00158,-1.14591,-1.26116,-1.41217
0.7325,-0.56378,-1.00669,-1.15013,-1.26441,-1.41392
0.7350,-0.56892,-1.01181,-1.15434,-1.26766,-1.41567
0.7375,-0.57412,-1.01693,-1.15856,-1.27091,-1.41740
0.7400,-0.57938,-1.02207,-1.16277,-1.27414,-1.41913
0.7425,-0.58471,-1.02722,-1.16697,-1.27737,-1.42085
0.7450,-0.59010,-1.03238,-1.17118,-1.28059,-1.42257
0.7475,-0.59555,-1.03755,-1.17538,-1.28380,-1.42428
0.7500,-0.60107,-1.04272,-1.17958,-1.28700,-1.42598
0.7525,-0.60666,-1.04791,-1.18377,-1.29020,-1.42768
0.7550,-0.61231,-1.05310,-1.18796,-1.29339,-1.42937
0.7575,-0.61803,-1.05831,-1.19215,-1.29657,-1.43106
0.7600,-0.62382,-1.06352,-1.19634,-1.29974,-1.43273
0.7625,-0.62968,-1.06874,-1.20052,-1.30291,-1.43440
0.7650,-0.63561,-1.07397,-1.20469,-1.30606,-1.43607
0.7675,-0.64162,-1.07921,-1.20887,-1.30921,-1.43773
0.7700,-0.64769,-1.08445,-1.21304,-1.31236,-1.43938
0.7725,-0.65384,-1.08971,-1.21720,-1.31549,-1.44103
0.7750,-0.66007,-1.09497,-1.22136,-1.31862,-1.44267
0.7775,-0.66637,-1.10023,-1.22552,-1.32174,-1.44431
0.7800,-0.67274,-1.10551,-1.22967,-1.32485,-1.44594
0.7825,-0.67920,-1.11079,-1.23382,-1.32796,-1.44756
0.7850,-0.68573,-1.11608,-1.23796,-1.33105,-1.44918
0.7875,-0.69235,-1.12138,-1.24210,-1.33414,-1.45079
0.7900,-0.69904,-1.12668,-1.24624,-1.33723,-1.45240
0.7925,-0.70582,-1.13198,-1.25037,-1.34030,-1.45400
0.7950,-0.71267,-1.13730,-1.25449,-1.34337,-1.45559
0.7975,-0.71962,-1.14262,-1.25861,-1.34643,-1.45718
0.8000,-0.72664,-1.14794,-1.26273,-1.34948,-1.45877
0.8025,-0.73375,-1.15327,-1.26684,-1.35253,-1.46035
0.8050,-0.74095,-1.15861,-1.27095,-1.35556,-1.46192
0.8075,-0.74824,-1.16395,-1.27505,-1.35859,-1.46349
0.8100,-0.75561,-1.16929,-1.27914,-1.36162,-1.46505
0.8125,-0.76308,-1.17464,-1.28323,-1.36463,-1.46661
0.8150,-0.77063,-1.17999,-1.28732,-1.36764,-1.46816
0.8175,-0.77827,-1.18535,-1.29140,-1.37064,-1.46971
0.8200,-0.78601,-1.19071,-1.29547,-1.37364,-1.47125
0.8225,-0.79384,-1.19607,-1.29954,-1.37662,-1.47279
0.8250,-0.80176,-1.20144,-1.30361,-1.37960,-1.47432
0.8275,-0.80977,-1.20681,-1.30766,-1.38257,-1.47584
0.8300,-0.81789,-1.21218,-1.31172,-1.38554,-1.47736
0.8325,-0.82609,-1.21756,-1.31576,-1.38849,-1.47888
0.8350,-0.83440,-1.22294,-1.31980,-1.39144,-1.48039
0.8375,-0.84279,-1.22832,-1.32384,-1.39438,-1.48190
0.8400,-0.85129,-1.23370,-1.32787,-1.39732,-1.48340
0.8425,-0.85989,-1.23908,-1.33189,-1.40025,-1.48490
0.8450,-0.86858,-1.24446,-1.33591,-1.40317,-1.48639
0.8475,-0.87738,-1.24985,-1.33992,-1.40608,-1.48788
0.8500,-0.88627,-1.25523,-1.34392,-1.40899,-1.48936
0.8525,-0.89526,-1.26062,-1.34792,-1.41189,-1.49084
0.8550,-0.90436,-1.26601,-1.35191,-1.41478,-1.49231
0.8575,-0.91355,-1.27139,-1.35590,-1.41766,-1.49378
0.8600,-0.92285,-1.27678,-1.35988,-1.42054,-1.49524
0.8625,-0.93224,-1.28217,-1.36385,-1.42341,-1.49670
0.8650,-0.94174,-1.28755,-1.36781,-1.42628,-1.49816
0.8675,-0.95134,-1.29294,-1.37177,-1.42913,-1.49961
0.8700,-0.96104,-1.29832,-1.37573,-1.43198,-1.50105
0.8725,-0.97084,-1.30370,-1.37967,-1.43482,-1.50249
0.8750,-0.98074,-1.30908,-1.38361,-1.43766,-1.50393
0.8775,-0.99074,-1.31446,-1.38754,-1.44049,-1.50536
0.8800,-1.00084,-1.31984,-1.39147,-1.44331,-1.50679
0.8825,-1.01104,-1.32521,-1.39539,-1.44612,-1.50822
0.8850,-1.02134,-1.33058,-1.39930,-1.44893,-1.50964
0.8875,-1.03174,-1.33595,-1.40320,-1.45173,-1.51105
0.8900,-1.04223,-1.34132,-1.40710,-1.45453,-1.51246
0.8925,-1.05283,-1.34668,-1.41099,-1.45731,-1.51387
0.8950,-1.06351,-1.35204,-1.41487,-1.46009,-1.51527
0.8975,-1.07430,-1.35739,-1.41874,-1.46286,-1.51667
0.9000,-1.08517,-1.36274,-1.42261,-1.46563,-1.51807
0.9005,-1.08736,-1.36381,-1.42339,-1.46618,-1.51835
0.9010,-1.08955,-1.36488,-1.42416,-1.46673,-1.51862
0.9015,-1.09174,-1.36595,-1.42493,-1.46729,-1.51890
0.9020,-1.09394,-1.36702,-1.42570,-1.46784,-1.51918
0.9025,-1.09614,-1.36809,-1.42647,-1.46839,-1.51946
0.9030,-1.09835,-1.36915,-1.42724,-1.46894,-1.51974
0.9035,-1.10056,-1.37022,-1.42801,-1.46949,-1.52001
0.9040,-1.10277,-1.37129,-1.42879,-1.47004,-1.52029
0.9045,-1.10498,-1.37236,-1.42956,-1.47059,-1.52057
0.9050,-1.10720,-1.37343,-1.43033,-1.47114,-1.52084
0.9055,-1.10943,-1.37450,-1.43110,-1.47169,-1.52112
0.9060,-1.11165,-1.37556,-1.43186,-1.47224,-1.52140
0.9065,-1.11388,-1.37663,-1.43263,-1.47279,-1.52167
0.9070,-1.11612,-1.37770,-1.43340,-1.47334,-1.52195
0.9075,-1.11835,-1.37876,-1.43417,-1.47389,-1.52223
0.9080,-1.12059,-1.37983,-1.43494,-1.47443,-1.52250
0.9085,-1.12284,-1.38090,-1.43571,-1.47498,-1.52278
0.9090,-1.12509,-1.38196,-1.43647,-1.47553,-1.52306
0.9095,-1.12734,-1.38303,-1.43724,-1.47608,-1.52333
0.9100,-1.12959,-1.38410,-1.43801,-1.47663,-1.52361
0.9105,-1.13185,-1.38516,-1.43878,-1.47717,-1.52388
0.9110,-1.13411,-1.38623,-1.43954,-1.47772,-1.52416
0.9115,-1.13638,-1.38729,-1.44031,-1.47826,-1.52443
0.9120,-1.13864,-1.38836,-1.44107,-1.47881,-1.52471
0.9125,-1.14092,-1.38942,-1.44184,-1.47936,-1.52498
0.9130,-1.14319,-1.39049,-1.44260,-1.47990,-1.52526
0.9135,-1.14547,-1.39155,-1.44337,-1.48045,-1.52553
0.9140,-1.14775,-1.39261,-1.44413,-1.48099,-1.52580
0.9145,-1.15004,-1.39368,-1.44490,-1.48154,-1.52608
0.9150,-1.15232,-1.39474,-1.44566,-1.48208,-1.52635
0.9155,-1.15462,-1.39581,-1.44643,-1.48263,-1.52663
0.9160,-1.15691,-1.39687,-1.44719,-1.48317,-1.52690
0.9165,-1.15921,-1.39793,-1.44795,-1.48371,-1.52717
0.9170,-1.16151,-1.39899,-1.44871,-1.48426,-1.52745
0.9175,-1.16382,-1.40006,-1.44948,-1.48480,-1.52772
0.9180,-1.16612,-1.40112,-1.45024,-1.48534,-1.52799
0.9185,-1.16844,-1.40218,-1.45100,-1.48589,-1.52826
0.9190,-1.17075,-1.40324,-1.45176,-1.48643,-1.52854
0.9195,-1.17307,-1.40430,-1.45252,-1.48697,-1.52881
0.9200,-1.17539,-1.40537,-1.45328,-1.48751,-1.52908
0.9205,-1.17771,-1.40643,-1.45404,-1.48805,-1.52935
0.9210,-1.18004,-1.40749,-1.45480,-1.48859,-1.52963
0.9215,-1.18237,-1.40855,-1.45556,-1.48913,-1.52990
0.9220,-1.18470,-1.40961,-1.45632,-1.48968,-1.53017
0.9225,-1.18704,-1.41067,-1.45708,-1.49022,-1.53044
0.9230,-1.18938,-1.41173,-1.45784,-1.49076,-1.53071
0.9235,-1.19172,-1.41279,-1.45860,-1.49130,-1.53098
0.9240,-1.19406,-1.41385,-1.45936,-1.49184,-1.53125
0.9245,-1.19641,-1.41491,-1.46012,-1.49237,-1.53153
0.9250,-1.19876,-1.41596,-1.46088,-1.49291,-1.53180
0.9255,-1.20112,-1.41702,-1.46163,-1.49345,-1.53207
0.9260,-1.20348,-1.41808,-1.46239,-1.49399,-1.53234
0.9265,-1.20584,-1.41914,-1.46315,-1.49453,-1.53261
0.9270,-1.20820,-1.42020,-1.46390,-1.49507,-1.53288
0.9275,-1.21056,-1.42125,-1.46466,-1.49560,-1.53315
0.9280,-1.21293,-1.42231,-1.46541,-1.49614,-1.53342
0.9285,-1.21530,-1.42337,-1.46617,-1.49668,-1.53369
0.9290,-1.21768,-1.42442,-1.46693,-1.49722,-1.53396
0.9295,-1.22006,-1.42548,-1.46768,-1.49775,-1.53423
0.9300,-1.22244,-1.42654,-1.46843,-1.49829,-1.53450
0.9305,-1.22482,-1.42759,-1.46919,-1.49883,-1.53476
0.9310,-1.22720,-1.42865,-1.46994,-1.49936,-1.53503
0.9315,-1.22959,-1.42970,-1.47070,-1.49990,-1.53530
0.9320,-1.23198,-1.43076,-1.47145,-1.50043,-1.53557
0.9325,-1.23438,-1.43181,-1.47220,-1.50097,-1.53584
0.9330,-1.23677,-1.43287,-1.47296,-1.50150,-1.53611
0.9335,-1.23917,-1.43392,-1.47371,-1.50204,-1.53638
0.9340,-1.24157,-1.43497,-1.47446,-1.50257,-1.53664
0.9345,-1.24397,-1.43603,-1.47521,-1.50310,-1.53691
0.9350,-1.24638,-1.43708,-1.47596,-1.50364,-1.53718
0.9355,-1.24879,-1.43813,-1.47671,-1.50417,-1.53745
0.9360,-1.25120,-1.43919,-1.47746,-1.50470,-1.53771
0.9365,-1.25361,-1.44024,-1.47821,-1.50524,-1.53798
0.9370,-1.25603,-1.44129,-1.47896,-1.50577,-1.53825
0.9375,-1.25845,-1.44234,-1.47971,-1.50630,-1.53852
0.9380,-1.26087,-1.44339,-1.48046,-1.50683,-1.53878
0.9385,-1.26329,-1.44444,-1.48121,-1.50737,-1.53905
0.9390,-1.26572,-1.44549,-1.48196,-1.50790,-1.53932
0.9395,-1.26815,-1.44654,-1.48271,-1.50843,-1.53958
0.9400,-1.27058,-1.44759,-1.48346,-1.50896,-1.53985
0.9405,-1.27301,-1.44864,-1.48421,-1.50949,-1.54011
0.9410,-1.27545,-1.44969,-1.48495,-1.51002,-1.54038
0.9415,-1.27788,-1.45074,-1.48570,-1.51055,-1.54065
0.9420,-1.28032,-1.45179,-1.48645,-1.51108,-1.54091
0.9425,-1.28277,-1.45284,-1.48719,-1.51161,-1.54118
0.9430,-1.28521,-1.45389,-1.48794,-1.51214,-1.54144
0.9435,-1.28765,-1.45493,-1.48869,-1.51267,-1.54171
0.9440,-1.29010,-1.45598,-1.48943,-1.51320,-1.54197
0.9445,-1.29255,-1.45703,-1.49018,-1.51373,-1.54224
0.9450,-1.29501,-1.45808,-1.49092,-1.51426,-1.54250
0.9455,-1.29746,-1.45912,-1.49167,-1.51478,-1.54277
0.9460,-1.29992,-1.46017,-1.49241,-1.51531,-1.54303
0.9465,-1.30237,-1.46121,-1.49315,-1.51584,-1.54330
0.9470,-1.30483,-1.46226,-1.49390,-1.51637,-1.54356
0.9475,-1.30730,-1.46330,-1.49464,-1.51689,-1.54383
0.9480,-1.30976,-1.46435,-1.49538,-1.51742,-1.54409
0.9485,-1.31223,-1.46539,-1.49613,-1.51795,-1.54435
0.9490,-1.31469,-1.46644,-1.49687,-1.51847,-1.54462
0.9495,-1.31716,-1.46748,-1.49761,-1.51900,-1.54488
0.9500,-1.31964,-1.46852,-1.49835,-1.51953,-1.54514
0.9505,-1.32211,-1.46957,-1.49909,-1.52005,-1.54541
0.9510,-1.32458,-1.47061,-1.49983,-1.52058,-1.54567
0.9515,-1.32706,-1.47165,-1.50057,-1.52110,-1.54593
0.9520,-1.32954,-1.47269,-1.50131,-1.52163,-1.54620
0.9525,-1.33202,-1.47373,-1.50205,-1.52215,-1.54646
0.9530,-1.33450,-1.47477,-1.50279,-1.52267,-1.54672
0.9535,-1.33698,-1.47582,-1.50353,-1.52320,-1.54698
0.9540,-1.33947,-1.47686,-1.50427,-1.52372,-1.54725
0.9545,-1.34195,-1.47790,-1.50501,-1.52425,-1.54751
0.9550,-1.34444,-1.47894,-1.50575,-1.52477,-1.54777
0.9555,-1.34693,-1.47997,-1.50649,-1.52529,-1.54803
0.9560,-1.34942,-1.48101,-1.50722,-1.52581,-1.54829
0.9565,-1.35191,-1.48205,-1.50796,-1.52634,-1.54856
0.9570,-1.35441,-1.48309,-1.50870,-1.52686,-1.54882
0.9575,-1.35690,-1.48413,-1.50944,-1.52738,-1.54908
0.9580,-1.35940,-1.48516,-1.51017,-1.52790,-1.54934
0.9585,-1.36190,-1.48620,-1.51091,-1.52842,-1.54960
0.9590,-1.36440,-1.48724,-1.51164,-1.52894,-1.54986
0.9595,-1.36690,-1.48827,-1.51238,-1.52947,-1.55012
0.9600,-1.36940,-1.48931,-1.51311,-1.52999,-1.55038
0.9605,-1.37190,-1.49035,-1.51385,-1.53051,-1.55064
0.9610,-1.37440,-1.49138,-1.51458,-1.53103,-1.55090
0.9615,-1.37691,-1.49242,-1.51532,-1.53155,-1.55116
0.9620,-1.37942,-1.49345,-1.51605,-1.53207,-1.55142
0.9625,-1.38192,-1.49448,-1.51678,-1.53258,-1.55168
0.9630,-1.38443,-1.49552,-1.51752,-1.53310,-1.55194
0.9635,-1.38694,-1.49655,-1.51825,-1.53362,-1.55220
0.9640,-1.38945,-1.49758,-1.51898,-1.53414,-1.55246
0.9645,-1.39196,-1.49862,-1.51971,-1.53466,-1.55272
0.9650,-1.39447,-1.49965,-1.52044,-1.53518,-1.55298
0.9655,-1.39699,-1.50068,-1.52118,-1.53569,-1.55324
0.9660,-1.39950,-1.50171,-1.52191,-1.53621,-1.55350
0.9665,-1.40201,-1.50274,-1.52264,-1.53673,-1.55376
0.9670,-1.40453,-1.50377,-1.52337,-1.53725,-1.55402
0.9675,-1.40705,-1.50480,-1.52410,-1.53776,-1.55427
0.9680,-1.40956,-1.50583,-1.52483,-1.53828,-1.55453
0.9685,-1.41208,-1.50686,-1.52556,-1.53879,-1.55479
0.9690,-1.41460,-1.50789,-1.52628,-1.53931,-1.55505
0.9695,-1.41712,-1.50892,-1.52701,-1.53983,-1.55531
0.9700,-1.41964,-1.50994,-1.52774,-1.54034,-1.55557
0.9705,-1.42216,-1.51097,-1.52847,-1.54086,-1.55582
0.9710,-1.42468,-1.51200,-1.52920,-1.54137,-1.55608
0.9715,-1.42720,-1.51302,-1.52992,-1.54189,-1.55634
0.9720,-1.42972,-1.51405,-1.53065,-1.54240,-1.55660
0.9725,-1.43225,-1.51508,-1.53138,-1.54291,-1.55685
0.9730,-1.43477,-1.51610,-1.53210,-1.54343,-1.55711
0.9735,-1.43729,-1.51713,-1.53283,-1.54394,-1.55737
0.9740,-1.43982,-1.51815,-1.53355,-1.54446,-1.55762
0.9745,-1.44234,-1.51917,-1.53428,-1.54497,-1.55788
0.9750,-1.44486,-1.52020,-1.53500,-1.54548,-1.55814
0.9755,-1.44739,-1.52122,-1.53573,-1.54599,-1.55839
0.9760,-1.44991,-1.52224,-1.53645,-1.54651,-1.55865
0.9765,-1.45244,-1.52327,-1.53718,-1.54702,-1.55891
0.9770,-1.45496,-1.52429,-1.53790,-1.54753,-1.55916
0.9775,-1.45749,-1.52531,-1.53862,-1.54804,-1.55942
0.9780,-1.46001,-1.52633,-1.53934,-1.54855,-1.55967
0.9785,-1.46254,-1.52735,-1.54007,-1.54906,-1.55993
0.9790,-1.46507,-1.52837,-1.54079,-1.54957,-1.56018
0.9795,-1.46759,-1.52939,-1.54151,-1.55008,-1.56044
0.9800,-1.47012,-1.53041,-1.54223,-1.55059,-1.56069
0.9805,-1.47264,-1.53143,-1.54295,-1.55110,-1.56095
0.9810,-1.47517,-1.53245,-1.54367,-1.55161,-1.56120
0.9815,-1.47769,-1.53346,-1.54439,-1.55212,-1.56146
0.9820,-1.48022,-1.53448,-1.54511,-1.55263,-1.56171
0.9825,-1.48275,-1.53550,-1.54583,-1.55314,-1.56197
0.9830,-1.48527,-1.53652,-1.54655,-1.55365,-1.56222
0.9835,-1.48780,-1.53753,-1.54727,-1.55416,-1.56248
0.9840,-1.49032,-1.53855,-1.54799,-1.55467,-1.56273
0.9845,-1.49284,-1.53956,-1.54871,-1.55518,-1.56299
0.9850,-1.49537,-1.54058,-1.54942,-1.55568,-1.56324
0.9855,-1.49789,-1.54159,-1.55014,-1.55619,-1.56349
0.9860,-1.50042,-1.54261,-1.55086,-1.55670,-1.56375
0.9865,-1.50294,-1.54362,-1.55158,-1.55720,-1.56400
0.9870,-1.50546,-1.54463,-1.55229,-1.55771,-1.56425
0.9875,-1.50798,-1.54564,-1.55301,-1.55822,-1.56451
0.9880,-1.51051,-1.54666,-1.55372,-1.55872,-1.56476
0.9885,-1.51303,-1.54767,-1.55444,-1.55923,-1.56501
0.9890,-1.51555,-1.54868,-1.55515,-1.55974,-1.56527
0.9895,-1.51807,-1.54969,-1.55587,-1.56024,-1.56552
0.9900,-1.52059,-1.55070,-1.55658,-1.56075,-1.56577
0.9905,-1.52310,-1.55171,-1.55730,-1.56125,-1.56602
0.9910,-1.52562,-1.55272,-1.55801,-1.56176,-1.56628
0.9915,-1.52814,-1.55373,-1.55872,-1.56226,-1.56653
0.9920,-1.53066,-1.55473,-1.55944,-1.56276,-1.56678
0.9925,-1.53317,-1.55574,-1.56015,-1.56327,-1.56703
0.9930,-1.53569,-1.55675,-1.56086,-1.56377,-1.56728
0.9935,-1.53820,-1.55775,-1.56157,-1.56428,-1.56754
0.9940,-1.54071,-1.55876,-1.56229,-1.56478,-1.56779
0.9945,-1.54323,-1.55977,-1.56300,-1.56528,-1.56804
0.9950,-1.54574,-1.56077,-1.56371,-1.56578,-1.56829
0.9955,-1.54825,-1.56178,-1.56442,-1.56629,-1.56854
0.9960,-1.55076,-1.56278,-1.56513,-1.56679,-1.56879
0.9965,-1.55327,-1.56378,-1.56584,-1.56729,-1.56904
0.9970,-1.55577,-1.56479,-1.56655,-1.56779,-1.56929
0.9975,-1.55828,-1.56579,-1.56726,-1.56829,-1.56954
0.9980,-1.56079,-1.56679,-1.56797,-1.56879,-1.56980
0.9985,-1.56329,-1.56779,-1.56867,-1.56930,-1.57005
0.9990,-1.56579,-1.56880,-1.56938,-1.56980,-1.57030
0.9995,-1.56830,-1.56980,-1.57009,-1.57030,-1.57055
1.0000,-1.57080,-1.57080,-1.57080,-1.57080,-1.57080
1.0005,-1.57330,-1.57180,-1.57150,-1.57130,-1.57105
1.0010,-1.57579,-1.57280,-1.57221,-1.57180,-1.57130
1.0015,-1.57829,-1.57379,-1.57292,-1.57230,-1.57155
1.0020,-1.58079,-1.57479,-1.57362,-1.57279,-1.57180
1.0025,-1.58328,-1.57579,-1.57433,-1.57329,-1.57204
1.0030,-1.58577,-1.57679,-1.57503,-1.57379,-1.57229
1.0035,-1.58826,-1.57778,-1.57574,-1.57429,-1.57254
1.0040,-1.59075,-1.57878,-1.57644,-1.57479,-1.57279
1.0045,-1.59324,-1.57978,-1.57715,-1.57529,-1.57304
1.0050,-1.59573,-1.58077,-1.57785,-1.57578,-1.57329
1.0055,-1.59821,-1.58177,-1.57855,-1.57628,-1.57354
1.0060,-1.60070,-1.58276,-1.57926,-1.57678,-1.57379
1.0065,-1.60318,-1.58375,-1.57996,-1.57728,-1.57404
1.0070,-1.60566,-1.58475,-1.58066,-1.57777,-1.57428
1.0075,-1.60814,-1.58574,-1.58136,-1.57827,-1.57453
1.0080,-1.61062,-1.58673,-1.58206,-1.57876,-1.57478
1.0085,-1.61309,-1.58772,-1.58277,-1.57926,-1.57503
1.0090,-1.61557,-1.58871,-1.58347,-1.57976,-1.57528
1.0095,-1.61804,-1.58970,-1.58417,-1.58025,-1.57552
1.0100,-1.62051,-1.59069,-1.58487,-1.58075,-1.57577
1.0105,-1.62298,-1.59168,-1.58557,-1.58124,-1.57602
1.0110,-1.62544,-1.59267,-1.58627,-1.58174,-1.57627
1.0115,-1.62791,-1.59366,-1.58697,-1.58223,-1.57651
1.0120,-1.63037,-1.59465,-1.58766,-1.58272,-1.57676
1.0125,-1.63283,-1.59564,-1.58836,-1.58322,-1.57701
1.0130,-1.63529,-1.59662,-1.58906,-1.58371,-1.57725
1.0135,-1.63775,-1.59761,-1.58976,-1.58421,-1.57750
1.0140,-1.64020,-1.59860,-1.59046,-1.58470,-1.57775
1.0145,-1.64265,-1.59958,-1.59115,-1.58519,-1.57799
1.0150,-1.64511,-1.60057,-1.59185,-1.58568,-1.57824
1.0155,-1.64755,-1.60155,-1.59255,-1.58618,-1.57849
1.0160,-1.65000,-1.60253,-1.59324,-1.58667,-1.57873
1.0165,-1.65244,-1.60352,-1.59394,-1.58716,-1.57898
1.0170,-1.65489,-1.60450,-1.59463,-1.58765,-1.57923
1.0175,-1.65733,-1.60548,-1.59533,-1.58814,-1.57947
1.0180,-1.65977,-1.60646,-1.59602,-1.58864,-1.57972
1.0185,-1.66220,-1.60744,-1.59672,-1.58913,-1.57996
1.0190,-1.66463,-1.60842,-1.59741,-1.58962,-1.58021
1.0195,-1.66707,-1.60940,-1.59810,-1.59011,-1.58045
1.0200,-1.66949,-1.61038,-1.59880,-1.59060,-1.58070
1.0205,-1.67192,-1.61136,-1.59949,-1.59109,-1.58094
1.0210,-1.67434,-1.61234,-1.60018,-1.59158,-1.58119
1.0215,-1.67677,-1.61332,-1.60087,-1.59207,-1.58143
1.0220,-1.67919,-1.61430,-1.60156,-1.59256,-1.58168
1.0225,-1.68160,-1.61527,-1.60226,-1.59305,-1.58192
1.0230,-1.68402,-1.61625,-1.60295,-1.59353,-1.58217
1.0235,-1.68643,-1.61722,-1.60364,-1.59402,-1.58241
1.0240,-1.68884,-1.61820,-1.60433,-1.59451,-1.58266
1.0245,-1.69125,-1.61917,-1.60502,-1.59500,-1.58290
1.0250,-1.69365,-1.62015,-1.60571,-1.59549,-1.58314
1.0255,-1.69605,-1.62112,-1.60640,-1.59597,-1.58339
1.0260,-1.69845,-1.62209,-1.60708,-1.59646,-1.58363
1.0265,-1.70085,-1.62306,-1.60777,-1.59695,-1.58387
1.0270,-1.70324,-1.62404,-1.60846,-1.59744,-1.58412
1.0275,-1.70563,-1.62501,-1.60915,-1.59792,-1.58436
1.0280,-1.70802,-1.62598,-1.60984,-1.59841,-1.58460
1.0285,-1.71041,-1.62695,-1.61052,-1.59889,-1.58485
1.0290,-1.71279,-1.62792,-1.61121,-1.59938,-1.58509
1.0295,-1.71517,-1.62889,-1.61189,-1.59987,-1.58533
1.0300,-1.71755,-1.62985,-1.61258,-1.60035,-1.58558
1.0305,-1.71992,-1.63082,-1.61327,-1.60084,-1.58582
1.0310,-1.72230,-1.63179,-1.61395,-1.60132,-1.58606
1.0315,-1.72467,-1.63275,-1.61464,-1.60181,-1.58630
1.0320,-1.72703,-1.63372,-1.61532,-1.60229,-1.58655
1.0325,-1.72940,-1.63469,-1.61600,-1.60277,-1.58679
1.0330,-1.73176,-1.63565,-1.61669,-1.60326,-1.58703
1.0335,-1.73411,-1.63662,-1.61737,-1.60374,-1.58727
1.0340,-1.73647,-1.63758,-1.61805,-1.60422,-1.58752
1.0345,-1.73882,-1.63854,-1.61874,-1.60471,-1.58776
1.0350,-1.74117,-1.63950,-1.61942,-1.60519,-1.58800
1.0355,-1.74352,-1.64047,-1.62010,-1.60567,-1.58824
1.0360,-1.74586,-1.64143,-1.62078,-1.60616,-1.58848
1.0365,-1.74820,-1.64239,-1.62146,-1.60664,-1.58872
1.0370,-1.75054,-1.64335,-1.62214,-1.60712,-1.58896
1.0375,-1.75287,-1.64431,-1.62282,-1.60760,-1.58921
1.0380,-1.75520,-1.64527,-1.62350,-1.60808,-1.58945
1.0385,-1.75753,-1.64623,-1.62418,-1.60856,-1.58969
1.0390,-1.75985,-1.64718,-1.62486,-1.60905,-1.58993
1.0395,-1.76217,-1.64814,-1.62554,-1.60953,-1.59017
1.0400,-1.76449,-1.64910,-1.62622,-1.61001,-1.59041
1.0405,-1.76681,-1.65005,-1.62690,-1.61049,-1.59065
1.0410,-1.76912,-1.65101,-1.62758,-1.61097,-1.59089
1.0415,-1.77143,-1.65196,-1.62825,-1.61145,-1.59113
1.0420,-1.77373,-1.65292,-1.62893,-1.61193,-1.59137
1.0425,-1.77603,-1.65387,-1.62961,-1.61241,-1.59161
1.0430,-1.77833,-1.65483,-1.63028,-1.61289,-1.59185
1.0435,-1.78063,-1.65578,-1.63096,-1.61336,-1.59209
1.0440,-1.78292,-1.65673,-1.63164,-1.61384,-1.59233
1.0445,-1.78521,-1.65768,-1.63231,-1.61432,-1.59257
1.0450,-1.78749,-1.65863,-1.63299,-1.61480,-1.59281
1.0455,-1.78978,-1.65958,-1.63366,-1.61528,-1.59305
1.0460,-1.79206,-1.66053,-1.63433,-1.61575,-1.59329
1.0465,-1.79433,-1.66148,-1.63501,-1.61623,-1.59353
1.0470,-1.79660,-1.66243,-1.63568,-1.61671,-1.59376
1.0475,-1.79887,-1.66338,-1.63635,-1.61719,-1.59400
1.0480,-1.80114,-1.66432,-1.63703,-1.61766,-1.59424
1.0485,-1.80340,-1.66527,-1.63770,-1.61814,-1.59448
1.0490,-1.80566,-1.66622,-1.63837,-1.61862,-1.59472
1.0495,-1.80791,-1.66716,-1.63904,-1.61909,-1.59496
1.0500,-1.81016,-1.66811,-1.63971,-1.61957,-1.59520
1.0505,-1.81241,-1.66905,-1.64038,-1.62004,-1.59543
1.0510,-1.81466,-1.66999,-1.64106,-1.62052,-1.59567
1.0515,-1.81690,-1.67094,-1.64173,-1.62099,-1.59591
1.0520,-1.81914,-1.67188,-1.64240,-1.62147,-1.59615
1.0525,-1.82137,-1.67282,-1.64306,-1.62194,-1.59639
1.0530,-1.82360,-1.67376,-1.64373,-1.62242,-1.59662
1.0535,-1.82583,-1.67470,-1.64440,-1.62289,-1.59686
1.0540,-1.82805,-1.67564,-1.64507,-1.62336,-1.59710
1.0545,-1.83027,-1.67658,-1.64574,-1.62384,-1.59734
1.0550,-1.83249,-1.67752,-1.64641,-1.62431,-1.59757
1.0555,-1.83470,-1.67846,-1.64707,-1.62478,-1.59781
1.0560,-1.83691,-1.67940,-1.64774,-1.62526,-1.59805
1.0565,-1.83911,-1.68033,-1.64841,-1.62573,-1.59828
1.0570,-1.84131,-1.68127,-1.64907,-1.62620,-1.59852
1.0575,-1.84351,-1.68221,-1.64974,-1.62667,-1.59876
1.0580,-1.84571,-1.68314,-1.65040,-1.62715,-1.59899
1.0585,-1.84790,-1.68408,-1.65107,-1.62762,-1.59923
1.0590,-1.85008,-1.68501,-1.65173,-1.62809,-1.59947
1.0595,-1.85227,-1.68594,-1.65240,-1.62856,-1.59970
1.0600,-1.85445,-1.68688,-1.65306,-1.62903,-1.59994
1.0605,-1.85662,-1.68781,-1.65373,-1.62950,-1.60018
1.0610,-1.85879,-1.68874,-1.65439,-1.62997,-1.60041
1.0615,-1.86096,-1.68967,-1.65505,-1.63044,-1.60065
1.0620,-1.86313,-1.69060,-1.65571,-1.63091,-1.60088
1.0625,-1.86529,-1.69153,-1.65638,-1.63138,-1.60112
1.0630,-1.86744,-1.69246,-1.65704,-1.63185,-1.60135
1.0635,-1.86960,-1.69339,-1.65770,-1.63232,-1.60159
1.0640,-1.87174,-1.69431,-1.65836,-1.63279,-1.60182
1.0645,-1.87389,-1.69524,-1.65902,-1.63326,-1.60206
1.0650,-1.87603,-1.69617,-1.65968,-1.63373,-1.60229
1.0655,-1.87817,-1.69709,-1.66034,-1.63420,-1.60253
1.0660,-1.88030,-1.69802,-1.66100,-1.63467,-1.60276
1.0665,-1.88243,-1.69894,-1.66166,-1.63513,-1.60300
1.0670,-1.88456,-1.69987,-1.66232,-1.63560,-1.60323
1.0675,-1.88668,-1.70079,-1.66298,-1.63607,-1.60347
1.0680,-1.88880,-1.70171,-1.66363,-1.63654,-1.60370
1.0685,-1.89092,-1.70264,-1.66429,-1.63700,-1.60394
1.0690,-1.89303,-1.70356,-1.66495,-1.63747,-1.60417
1.0695,-1.89513,-1.70448,-1.66561,-1.63794,-1.60440
1.0700,-1.89724,-1.70540,-1.66626,-1.63840,-1.60464
1.0705,-1.89933,-1.70632,-1.66692,-1.63887,-1.60487
1.0710,-1.90143,-1.70724,-1.66757,-1.63934,-1.60511
1.0715,-1.90352,-1.70815,-1.66823,-1.63980,-1.60534
1.0720,-1.90561,-1.70907,-1.66888,-1.64027,-1.60557
1.0725,-1.90769,-1.70999,-1.66954,-1.64073,-1.60581
1.0730,-1.90977,-1.71091,-1.67019,-1.64120,-1.60604
1.0735,-1.91185,-1.71182,-1.67085,-1.64166,-1.60627
1.0740,-1.91392,-1.71274,-1.67150,-1.64213,-1.60651
1.0745,-1.91599,-1.71365,-1.67215,-1.64259,-1.60674
1.0750,-1.91805,-1.71456,-1.67281,-1.64305,-1.60697
1.0755,-1.92011,-1.71548,-1.67346,-1.64352,-1.60721
1.0760,-1.92216,-1.71639,-1.67411,-1.64398,-1.60744
1.0765,-1.92422,-1.71730,-1.67476,-1.64444,-1.60767
1.0770,-1.92626,-1.71821,-1.67541,-1.64491,-1.60790
1.0775,-1.92831,-1.71912,-1.67607,-1.64537,-1.60814
1.0780,-1.93035,-1.72003,-1.67672,-1.64583,-1.60837
1.0785,-1.93238,-1.72094,-1.67737,-1.64630,-1.60860
1.0790,-1.93441,-1.72185,-1.67802,-1.64676,-1.60883
1.0795,-1.93644,-1.72276,-1.67867,-1.64722,-1.60906
1.0800,-1.93847,-1.72367,-1.67932,-1.64768,-1.60930
1.0805,-1.94049,-1.72458,-1.67996,-1.64814,-1.60953
1.0810,-1.94250,-1.72548,-1.68061,-1.64860,-1.60976
1.0815,-1.94451,-1.72639,-1.68126,-1.64907,-1.60999
1.0820,-1.94652,-1.72729,-1.68191,-1.64953,-1.61022
1.0825,-1.94852,-1.72820,-1.68256,-1.64999,-1.61045
1.0830,-1.95052,-1.72910,-1.68320,-1.65045,-1.61068
1.0835,-1.95252,-1.73000,-1.68385,-1.65091,-1.61092
1.0840,-1.95451,-1.73090,-1.68450,-1.65137,-1.61115
1.0845,-1.95650,-1.73181,-1.68514,-1.65183,-1.61138
1.0850,-1.95848,-1.73271,-1.68579,-1.65229,-1.61161
1.0855,-1.96046,-1.73361,-1.68643,-1.65275,-1.61184
1.0860,-1.96244,-1.73451,-1.68708,-1.65320,-1.61207
1.0865,-1.96441,-1.73541,-1.68772,-1.65366,-1.61230
1.0870,-1.96638,-1.73631,-1.68836,-1.65412,-1.61253
1.0875,-1.96834,-1.73720,-1.68901,-1.65458,-1.61276
1.0880,-1.97030,-1.73810,-1.68965,-1.65504,-1.61299
1.0885,-1.97225,-1.73900,-1.69029,-1.65550,-1.61322
1.0890,-1.97420,-1.73989,-1.69094,-1.65595,-1.61345
1.0895,-1.97615,-1.74079,-1.69158,-1.65641,-1.61368
1.0900,-1.97809,-1.74168,-1.69222,-1.65687,-1.61391
1.0905,-1.98003,-1.74258,-1.69286,-1.65732,-1.61414
1.0910,-1.98197,-1.74347,-1.69350,-1.65778,-1.61437
1.0915,-1.98390,-1.74436,-1.69414,-1.65824,-1.61460
1.0920,-1.98582,-1.74525,-1.69478,-1.65869,-1.61483
1.0925,-1.98775,-1.74614,-1.69542,-1.65915,-1.61506
1.0930,-1.98967,-1.74704,-1.69606,-1.65961,-1.61529
1.0935,-1.99158,-1.74793,-1.69670,-1.66006,-1.61552
1.0940,-1.99349,-1.74881,-1.69734,-1.66052,-1.61575
1.0945,-1.99540,-1.74970,-1.69798,-1.66097,-1.61598
1.0950,-1.99730,-1.75059,-1.69862,-1.66143,-1.61620
1.0955,-1.99920,-1.75148,-1.69926,-1.66188,-1.61643
1.0960,-2.00109,-1.75237,-1.69989,-1.66234,-1.61666
1.0965,-2.00298,-1.75325,-1.70053,-1.66279,-1.61689
1.0970,-2.00487,-1.75414,-1.70117,-1.66324,-1.61712
1.0975,-2.00675,-1.75502,-1.70180,-1.66370,-1.61735
1.0980,-2.00863,-1.75591,-1.70244,-1.66415,-1.61758
1.0985,-2.01050,-1.75679,-1.70307,-1.66460,-1.61780
1.0990,-2.01237,-1.75767,-1.70371,-1.66506,-1.61803
1.0995,-2.01424,-1.75855,-1.70434,-1.66551,-1.61826
1.1000,-2.01610,-1.75944,-1.70498,-1.66596,-1.61849
1.1025,-2.02534,-1.76383,-1.70814,-1.66822,-1.61963
1.1050,-2.03449,-1.76821,-1.71130,-1.67048,-1.62076
1.1075,-2.04353,-1.77258,-1.71445,-1.67272,-1.62189
1.1100,-2.05248,-1.77693,-1.71759,-1.67497,-1.62302
1.1125,-2.06132,-1.78126,-1.72072,-1.67720,-1.62415
1.1150,-2.07006,-1.78557,-1.72384,-1.67944,-1.62528
1.1175,-2.07870,-1.78987,-1.72695,-1.68166,-1.62640
1.1200,-2.08725,-1.79415,-1.73005,-1.68388,-1.62752
1.1225,-2.09569,-1.79841,-1.73314,-1.68610,-1.62864
1.1250,-2.10404,-1.80266,-1.73623,-1.68831,-1.62976
1.1275,-2.11229,-1.80689,-1.73930,-1.69051,-1.63087
1.1300,-2.12044,-1.81111,-1.74237,-1.69271,-1.63198
1.1325,-2.12849,-1.81530,-1.74542,-1.69490,-1.63309
1.1350,-2.13645,-1.81948,-1.74847,-1.69709,-1.63420
1.1375,-2.14432,-1.82365,-1.75150,-1.69927,-1.63530
1.1400,-2.15209,-1.82779,-1.75453,-1.70145,-1.63640
1.1425,-2.15977,-1.83192,-1.75755,-1.70362,-1.63750
1.1450,-2.16735,-1.83603,-1.76056,-1.70579,-1.63860
1.1475,-2.17485,-1.84013,-1.76356,-1.70795,-1.63970
1.1500,-2.18225,-1.84421,-1.76655,-1.71011,-1.64079
1.1525,-2.18957,-1.84827,-1.76954,-1.71226,-1.64188
1.1550,-2.19679,-1.85231,-1.77251,-1.71440,-1.64297
1.1575,-2.20393,-1.85634,-1.77547,-1.71654,-1.64406
1.1600,-2.21098,-1.86035,-1.77843,-1.71867,-1.64514
1.1625,-2.21794,-1.86435,-1.78138,-1.72080,-1.64622
1.1650,-2.22482,-1.86833,-1.78431,-1.72293,-1.64730
1.1675,-2.23162,-1.87229,-1.78724,-1.72505,-1.64838
1.1700,-2.23833,-1.87623,-1.79016,-1.72716,-1.64946
1.1725,-2.24496,-1.88016,-1.79307,-1.72927,-1.65053
1.1750,-2.25151,-1.88407,-1.79597,-1.73137,-1.65160
1.1775,-2.25798,-1.88796,-1.79886,-1.73347,-1.65267
1.1800,-2.26437,-1.89183,-1.80174,-1.73556,-1.65374
1.1825,-2.27068,-1.89569,-1.80462,-1.73765,-1.65481
1.1850,-2.27691,-1.89954,-1.80748,-1.73973,-1.65587
1.1875,-2.28307,-1.90336,-1.81034,-1.74181,-1.65693
1.1900,-2.28915,-1.90717,-1.81318,-1.74388,-1.65799
1.1925,-2.29516,-1.91096,-1.81602,-1.74595,-1.65905
1.1950,-2.30109,-1.91474,-1.81885,-1.74801,-1.66010
1.1975,-2.30695,-1.91850,-1.82167,-1.75006,-1.66116
1.2000,-2.31274,-1.92224,-1.82448,-1.75212,-1.66221
1.2025,-2.31846,-1.92597,-1.82729,-1.75416,-1.66326
1.2050,-2.32411,-1.92968,-1.83008,-1.75620,-1.66430
1.2075,-2.32969,-1.93337,-1.83286,-1.75824,-1.66535
1.2100,-2.33521,-1.93704,-1.83564,-1.76027,-1.66639
1.2125,-2.34066,-1.94070,-1.83841,-1.76230,-1.66743
1.2150,-2.34604,-1.94435,-1.84116,-1.76432,-1.66847
1.2175,-2.35135,-1.94797,-1.84391,-1.76634,-1.66951
1.2200,-2.35660,-1.95159,-1.84665,-1.76835,-1.67055
1.2225,-2.36179,-1.95518,-1.84939,-1.77036,-1.67158
1.2250,-2.36692,-1.95876,-1.85211,-1.77236,-1.67261
1.2275,-2.37198,-1.96232,-1.85482,-1.77436,-1.67364
1.2300,-2.37699,-1.96586,-1.85753,-1.77635,-1.67467
1.2325,-2.38193,-1.96939,-1.86023,-1.77833,-1.67570
1.2350,-2.38682,-1.97291,-1.86291,-1.78032,-1.67672
1.2375,-2.39165,-1.97640,-1.86559,-1.78229,-1.67774
1.2400,-2.39642,-1.97989,-1.86827,-1.78427,-1.67876
1.2425,-2.40114,-1.98335,-1.87093,-1.78624,-1.67978
1.2450,-2.40579,-1.98680,-1.87358,-1.78820,-1.68080
1.2475,-2.41040,-1.99023,-1.87623,-1.79016,-1.68181
1.2500,-2.41495,-1.99365,-1.87886,-1.79211,-1.68283
1.2525,-2.41945,-1.99705,-1.88149,-1.79406,-1.68384
1.2550,-2.42389,-2.00044,-1.88411,-1.79600,-1.68485
1.2575,-2.42829,-2.00381,-1.88672,-1.79794,-1.68585
1.2600,-2.43263,-2.00716,-1.88933,-1.79988,-1.68686
1.2625,-2.43692,-2.01050,-1.89192,-1.80181,-1.68786
1.2650,-2.44117,-2.01383,-1.89451,-1.80373,-1.68887
1.2675,-2.44536,-2.01713,-1.89708,-1.80565,-1.68987
1.2700,-2.44951,-2.02043,-1.89965,-1.80757,-1.69087
1.2725,-2.45361,-2.02370,-1.90221,-1.80948,-1.69186
1.2750,-2.45766,-2.02697,-1.90477,-1.81139,-1.69286
1.2775,-2.46167,-2.03021,-1.90731,-1.81329,-1.69385
1.2800,-2.46563,-2.03344,-1.90985,-1.81519,-1.69484
1.2825,-2.46955,-2.03666,-1.91238,-1.81708,-1.69583
1.2850,-2.47342,-2.03986,-1.91489,-1.81897,-1.69682
1.2875,-2.47725,-2.04305,-1.91741,-1.82085,-1.69781
1.2900,-2.48104,-2.04622,-1.91991,-1.82273,-1.69879
1.2925,-2.48479,-2.04937,-1.92240,-1.82460,-1.69978
1.2950,-2.48849,-2.05252,-1.92489,-1.82647,-1.70076
1.2975,-2.49215,-2.05564,-1.92737,-1.82834,-1.70174
1.3000,-2.49578,-2.05876,-1.92984,-1.83020,-1.70272
1.3025,-2.49936,-2.06185,-1.93230,-1.83206,-1.70369
1.3050,-2.50291,-2.06494,-1.93476,-1.83391,-1.70467
1.3075,-2.50641,-2.06800,-1.93720,-1.83576,-1.70564
1.3100,-2.50988,-2.07106,-1.93964,-1.83760,-1.70662
1.3125,-2.51331,-2.07410,-1.94207,-1.83944,-1.70759
1.3150,-2.51670,-2.07712,-1.94449,-1.84127,-1.70855
1.3175,-2.52006,-2.08013,-1.94691,-1.84310,-1.70952
1.3200,-2.52338,-2.08313,-1.94931,-1.84493,-1.71049
1.3225,-2.52667,-2.08611,-1.95171,-1.84675,-1.71145
1.3250,-2.52992,-2.08908,-1.95410,-1.84857,-1.71241
1.3275,-2.53314,-2.09203,-1.95648,-1.85038,-1.71337
1.3300,-2.53633,-2.09497,-1.95886,-1.85219,-1.71433
1.3325,-2.53948,-2.09790,-1.96123,-1.85399,-1.71529
1.3350,-2.54259,-2.10081,-1.96359,-1.85579,-1.71625
1.3375,-2.54568,-2.10371,-1.96594,-1.85758,-1.71720
1.3400,-2.54873,-2.10659,-1.96828,-1.85938,-1.71815
1.3425,-2.55176,-2.10946,-1.97062,-1.86116,-1.71910
1.3450,-2.55475,-2.11232,-1.97295,-1.86294,-1.72005
1.3475,-2.55771,-2.11517,-1.97527,-1.86472,-1.72100
1.3500,-2.56064,-2.11800,-1.97758,-1.86650,-1.72195
1.3525,-2.56354,-2.12081,-1.97988,-1.86826,-1.72289
1.3550,-2.56641,-2.12362,-1.98218,-1.87003,-1.72384
1.3575,-2.56925,-2.12641,-1.98447,-1.87179,-1.72478
1.3600,-2.57207,-2.12918,-1.98675,-1.87355,-1.72572
1.3625,-2.57485,-2.13195,-1.98903,-1.87530,-1.72666
1.3650,-2.57761,-2.13470,-1.99130,-1.87705,-1.72760
1.3675,-2.58034,-2.13744,-1.99356,-1.87879,-1.72853
1.3700,-2.58304,-2.14016,-1.99581,-1.88053,-1.72947
1.3725,-2.58572,-2.14287,-1.99806,-1.88227,-1.73040
1.3750,-2.58837,-2.14557,-2.00029,-1.88400,-1.73133
1.3775,-2.59100,-2.14826,-2.00252,-1.88573,-1.73227
1.3800,-2.59360,-2.15093,-2.00475,-1.88745,-1.73319
1.3825,-2.59617,-2.15359,-2.00696,-1.88917,-1.73412
1.3850,-2.59872,-2.15624,-2.00917,-1.89089,-1.73505
1.3875,-2.60125,-2.15888,-2.01137,-1.89260,-1.73597
1.3900,-2.60375,-2.16150,-2.01357,-1.89430,-1.73690
1.3925,-2.60623,-2.16411,-2.01575,-1.89601,-1.73782
1.3950,-2.60868,-2.16671,-2.01793,-1.89771,-1.73874
1.3975,-2.61111,-2.16930,-2.02010,-1.89940,-1.73966
1.4000,-2.61352,-2.17187,-2.02227,-1.90109,-1.74057
1.4025,-2.61590,-2.17443,-2.02443,-1.90278,-1.74149
1.4050,-2.61827,-2.17698,-2.02658,-1.90446,-1.74241
1.4075,-2.62061,-2.17952,-2.02872,-1.90614,-1.74332
1.4100,-2.62293,-2.18205,-2.03086,-1.90782,-1.74423
1.4125,-2.62522,-2.18456,-2.03299,-1.90949,-1.74514
1.4150,-2.62750,-2.18706,-2.03511,-1.91116,-1.74605
1.4175,-2.62976,-2.18955,-2.03723,-1.91282,-1.74696
1.4200,-2.63199,-2.19203,-2.03934,-1.91448,-1.74787
1.4225,-2.63421,-2.19450,-2.04144,-1.91614,-1.74877
1.4250,-2.63640,-2.19695,-2.04353,-1.91779,-1.74968
1.4275,-2.63858,-2.19940,-2.04562,-1.91944,-1.75058
1.4300,-2.64073,-2.20183,-2.04770,-1.92108,-1.75148
1.4325,-2.64287,-2.20425,-2.04977,-1.92272,-1.75238
1.4350,-2.64499,-2.20666,-2.05184,-1.92436,-1.75328
1.4375,-2.64708,-2.20906,-2.05390,-1.92599,-1.75417
1.4400,-2.64916,-2.21145,-2.05596,-1.92762,-1.75507
1.4425,-2.65122,-2.21382,-2.05800,-1.92924,-1.75597
1.4450,-2.65327,-2.21619,-2.06004,-1.93086,-1.75686
1.4475,-2.65529,-2.21854,-2.06208,-1.93248,-1.75775
1.4500,-2.65730,-2.22089,-2.06410,-1.93409,-1.75864
1.4525,-2.65929,-2.22322,-2.06612,-1.93570,-1.75953
1.4550,-2.66127,-2.22554,-2.06814,-1.93731,-1.76042
1.4575,-2.66322,-2.22785,-2.07015,-1.93891,-1.76131
1.4600,-2.66516,-2.23015,-2.07215,-1.94051,-1.76219
1.4625,-2.66708,-2.23244,-2.07414,-1.94211,-1.76308
1.4650,-2.66899,-2.23472,-2.07613,-1.94370,-1.76396
1.4675,-2.67088,-2.23698,-2.07811,-1.94528,-1.76484
1.4700,-2.67276,-2.23924,-2.08008,-1.94687,-1.76572
1.4725,-2.67461,-2.24149,-2.08205,-1.94845,-1.76660
1.4750,-2.67646,-2.24373,-2.08401,-1.95002,-1.76748
1.4775,-2.67829,-2.24595,-2.08597,-1.95160,-1.76836
1.4800,-2.68010,-2.24817,-2.08792,-1.95317,-1.76923
1.4825,-2.68190,-2.25037,-2.08986,-1.95473,-1.77011
1.4850,-2.68368,-2.25257,-2.09179,-1.95629,-1.77098
1.4875,-2.68545,-2.25476,-2.09372,-1.95785,-1.77185
1.4900,-2.68720,-2.25693,-2.09565,-1.95941,-1.77272
1.4925,-2.68894,-2.25910,-2.09756,-1.96096,-1.77359
1.4950,-2.69066,-2.26125,-2.09948,-1.96250,-1.77446
1.4975,-2.69238,-2.26340,-2.10138,-1.96405,-1.77533
1.5000,-2.69407,-2.26553,-2.10328,-1.96559,-1.77619
1.5025,-2.69576,-2.26766,-2.10517,-1.96712,-1.77706
1.5050,-2.69743,-2.26978,-2.10706,-1.96866,-1.77792
1.5075,-2.69908,-2.27188,-2.10894,-1.97019,-1.77878
1.5100,-2.70073,-2.27398,-2.11081,-1.97171,-1.77964
1.5125,-2.70236,-2.27607,-2.11268,-1.97324,-1.78050
1.5150,-2.70398,-2.27815,-2.11454,-1.97475,-1.78136
1.5175,-2.70558,-2.28022,-2.11640,-1.97627,-1.78222
1.5200,-2.70717,-2.28228,-2.11825,-1.97778,-1.78308
1.5225,-2.70875,-2.28433,-2.12009,-1.97929,-1.78393
1.5250,-2.71032,-2.28637,-2.12193,-1.98080,-1.78478
1.5275,-2.71188,-2.28840,-2.12376,-1.98230,-1.78564
1.5300,-2.71342,-2.29042,-2.12558,-1.98380,-1.78649
1.5325,-2.71495,-2.29244,-2.12740,-1.98529,-1.78734
1.5350,-2.71647,-2.29444,-2.12922,-1.98678,-1.78819
1.5375,-2.71798,-2.29643,-2.13103,-1.98827,-1.78904
1.5400,-2.71948,-2.29842,-2.13283,-1.98976,-1.78988
1.5425,-2.72096,-2.30040,-2.13463,-1.99124,-1.79073
1.5450,-2.72244,-2.30237,-2.13642,-1.99271,-1.79158
1.5475,-2.72390,-2.30433,-2.13820,-1.99419,-1.79242
1.5500,-2.72535,-2.30628,-2.13998,-1.99566,-1.79326
1.5525,-2.72680,-2.30822,-2.14175,-1.99713,-1.79410
1.5550,-2.72823,-2.31015,-2.14352,-1.99859,-1.79494
1.5575,-2.72965,-2.31208,-2.14528,-2.00005,-1.79578
1.5600,-2.73106,-2.31400,-2.14704,-2.00151,-1.79662
1.5625,-2.73246,-2.31590,-2.14879,-2.00297,-1.79746
1.5650,-2.73385,-2.31780,-2.15054,-2.00442,-1.79829
1.5675,-2.73522,-2.31970,-2.15228,-2.00587,-1.79913
1.5700,-2.73659,-2.32158,-2.15401,-2.00731,-1.79996
1.5725,-2.73795,-2.32345,-2.15574,-2.00875,-1.80080
1.5750,-2.73930,-2.32532,-2.15746,-2.01019,-1.80163
1.5775,-2.74064,-2.32718,-2.15918,-2.01162,-1.80246
1.5800,-2.74197,-2.32903,-2.16089,-2.01306,-1.80329
1.5825,-2.74329,-2.33087,-2.16260,-2.01448,-1.80412
1.5850,-2.74460,-2.33270,-2.16430,-2.01591,-1.80494
1.5875,-2.74590,-2.33453,-2.16599,-2.01733,-1.80577
1.5900,-2.74720,-2.33635,-2.16768,-2.01875,-1.80659
1.5925,-2.74848,-2.33815,-2.16937,-2.02017,-1.80742
1.5950,-2.74975,-2.33996,-2.17105,-2.02158,-1.80824
1.5975,-2.75102,-2.34175,-2.17272,-2.02299,-1.80906
1.6000,-2.75228,-2.34354,-2.17439,-2.02439,-1.80988
1.6025,-2.75352,-2.34532,-2.17606,-2.02580,-1.81070
1.6050,-2.75476,-2.34709,-2.17771,-2.02720,-1.81152
1.6075,-2.75599,-2.34885,-2.17937,-2.02859,-1.81234
1.6100,-2.75722,-2.35060,-2.18102,-2.02999,-1.81316
1.6125,-2.75843,-2.35235,-2.18266,-2.03138,-1.81397
1.6150,-2.75963,-2.35409,-2.18430,-2.03276,-1.81479
1.6175,-2.76083,-2.35583,-2.18593,-2.03415,-1.81560
1.6200,-2.76202,-2.35755,-2.18756,-2.03553,-1.81641
1.6225,-2.76320,-2.35927,-2.18918,-2.03691,-1.81723
1.6250,-2.76437,-2.36098,-2.19079,-2.03828,-1.81804
1.6275,-2.76554,-2.36268,-2.19241,-2.03965,-1.81885
1.6300,-2.76670,-2.36438,-2.19401,-2.04102,-1.81965
1.6325,-2.76785,-2.36607,-2.19561,-2.04239,-1.82046
1.6350,-2.76899,-2.36775,-2.19721,-2.04375,-1.82127
1.6375,-2.77012,-2.36942,-2.19880,-2.04511,-1.82207
1.6400,-2.77125,-2.37109,-2.20039,-2.04647,-1.82288
1.6425,-2.77237,-2.37275,-2.20197,-2.04782,-1.82368
1.6450,-2.77348,-2.37440,-2.20355,-2.04917,-1.82448
1.6475,-2.77459,-2.37605,-2.20512,-2.05052,-1.82529
1.6500,-2.77568,-2.37769,-2.20669,-2.05186,-1.82609
1.6525,-2.77677,-2.37932,-2.20825,-2.05321,-1.82689
1.6550,-2.77786,-2.38095,-2.20981,-2.05455,-1.82768
1.6575,-2.77893,-2.38256,-2.21136,-2.05588,-1.82848
1.6600,-2.78000,-2.38418,-2.21291,-2.05721,-1.82928
1.6625,-2.78107,-2.38578,-2.21445,-2.05854,-1.83007
1.6650,-2.78212,-2.38738,-2.21599,-2.05987,-1.83087
1.6675,-2.78317,-2.38897,-2.21752,-2.06119,-1.83166
1.6700,-2.78421,-2.39056,-2.21905,-2.06252,-1.83246
1.6725,-2.78525,-2.39213,-2.22057,-2.06383,-1.83325
1.6750,-2.78628,-2.39371,-2.22209,-2.06515,-1.83404
1.6775,-2.78730,-2.39527,-2.22361,-2.06646,-1.83483
1.6800,-2.78832,-2.39683,-2.22512,-2.06777,-1.83562
1.6825,-2.78933,-2.39838,-2.22662,-2.06908,-1.83641
1.6850,-2.79033,-2.39993,-2.22812,-2.07038,-1.83719
1.6875,-2.79133,-2.40147,-2.22962,-2.07168,-1.83798
1.6900,-2.79232,-2.40300,-2.23111,-2.07298,-1.83876
1.6925,-2.79331,-2.40453,-2.23259,-2.07428,-1.83955
1.6950,-2.79428,-2.40605,-2.23408,-2.07557,-1.84033
1.6975,-2.79526,-2.40756,-2.23555,-2.07686,-1.84111
1.7000,-2.79622,-2.40907,-2.23703,-2.07814,-1.84189
1.7025,-2.79719,-2.41057,-2.23849,-2.07943,-1.84268
1.7050,-2.79814,-2.41207,-2.23996,-2.08071,-1.84345
1.7075,-2.79909,-2.41356,-2.24142,-2.08199,-1.84423
1.7100,-2.80003,-2.41504,-2.24287,-2.08326,-1.84501
1.7125,-2.80097,-2.41652,-2.24432,-2.08454,-1.84579
1.7150,-2.80191,-2.41799,-2.24577,-2.08581,-1.84656
1.7175,-2.80283,-2.41946,-2.24721,-2.08707,-1.84734
1.7200,-2.80375,-2.42091,-2.24865,-2.08834,-1.84811
1.7225,-2.80467,-2.42237,-2.25008,-2.08960,-1.84889
1.7250,-2.80558,-2.42382,-2.25151,-2.09086,-1.84966
1.7275,-2.80649,-2.42526,-2.25293,-2.09212,-1.85043
1.7300,-2.80739,-2.42669,-2.25435,-2.09337,-1.85120
1.7325,-2.80828,-2.42812,-2.25577,-2.09462,-1.85197
1.7350,-2.80917,-2.42955,-2.25718,-2.09587,-1.85274
1.7375,-2.81005,-2.43097,-2.25859,-2.09711,-1.85351
1.7400,-2.81093,-2.43238,-2.25999,-2.09836,-1.85427
1.7425,-2.81181,-2.43379,-2.26139,-2.09960,-1.85504
1.7450,-2.81267,-2.43519,-2.26278,-2.10083,-1.85580
1.7475,-2.81354,-2.43659,-2.26417,-2.10207,-1.85657
1.7500,-2.81440,-2.43798,-2.26556,-2.10330,-1.85733
1.7525,-2.81525,-2.43936,-2.26694,-2.10453,-1.85809
1.7550,-2.81610,-2.44074,-2.26832,-2.10576,-1.85886
1.7575,-2.81694,-2.44212,-2.26969,-2.10698,-1.85962
1.7600,-2.81778,-2.44349,-2.27106,-2.10820,-1.86038
1.7625,-2.81862,-2.44485,-2.27243,-2.10942,-1.86113
1.7650,-2.81945,-2.44621,-2.27379,-2.11064,-1.86189
1.7675,-2.82027,-2.44756,-2.27515,-2.11185,-1.86265
1.7700,-2.82109,-2.44891,-2.27650,-2.11306,-1.86341
1.7725,-2.82191,-2.45025,-2.27785,-2.11427,-1.86416
1.7750,-2.82272,-2.45159,-2.27919,-2.11548,-1.86492
1.7775,-2.82353,-2.45292,-2.28053,-2.11668,-1.86567
1.7800,-2.82433,-2.45425,-2.28187,-2.11788,-1.86642
1.7825,-2.82513,-2.45557,-2.28320,-2.11908,-1.86717
1.7850,-2.82592,-2.45689,-2.28453,-2.12027,-1.86793
1.7875,-2.82671,-2.45820,-2.28586,-2.12147,-1.86868
1.7900,-2.82750,-2.45950,-2.28718,-2.12266,-1.86943
1.7925,-2.82828,-2.46080,-2.28850,-2.12385,-1.87017
1.7950,-2.82905,-2.46210,-2.28981,-2.12503,-1.87092
1.7975,-2.82983,-2.46339,-2.29112,-2.12622,-1.87167
1.8000,-2.83059,-2.46468,-2.29243,-2.12740,-1.87242
1.8025,-2.83136,-2.46596,-2.29373,-2.12857,-1.87316
1.8050,-2.83212,-2.46724,-2.29503,-2.12975,-1.87391
1.8075,-2.83287,-2.46851,-2.29632,-2.13092,-1.87465
1.8100,-2.83363,-2.46977,-2.29761,-2.13209,-1.87539
1.8125,-2.83437,-2.47103,-2.29890,-2.13326,-1.87613
1.8150,-2.83512,-2.47229,-2.30018,-2.13443,-1.87687
1.8175,-2.83586,-2.47354,-2.30146,-2.13559,-1.87762
1.8200,-2.83659,-2.47479,-2.30273,-2.13675,-1.87835
1.8225,-2.83732,-2.47603,-2.30401,-2.13791,-1.87909
1.8250,-2.83805,-2.47727,-2.30527,-2.13906,-1.87983
1.8275,-2.83878,-2.47851,-2.30654,-2.14022,-1.88057
1.8300,-2.83950,-2.47973,-2.30780,-2.14137,-1.88130
1.8325,-2.84021,-2.48096,-2.30906,-2.14252,-1.88204
1.8350,-2.84093,-2.48218,-2.31031,-2.14366,-1.88277
1.8375,-2.84163,-2.48339,-2.31156,-2.14481,-1.88351
1.8400,-2.84234,-2.48460,-2.31280,-2.14595,-1.88424
1.8425,-2.84304,-2.48581,-2.31405,-2.14709,-1.88497
1.8450,-2.84374,-2.48701,-2.31529,-2.14822,-1.88571
1.8475,-2.84443,-2.48821,-2.31652,-2.14936,-1.88644
1.8500,-2.84513,-2.48940,-2.31775,-2.15049,-1.88717
1.8525,-2.84581,-2.49059,-2.31898,-2.15162,-1.88789
1.8550,-2.84650,-2.49177,-2.32021,-2.15275,-1.88862
1.8575,-2.84718,-2.49295,-2.32143,-2.15387,-1.88935
1.8600,-2.84785,-2.49412,-2.32264,-2.15499,-1.89008
1.8625,-2.84853,-2.49529,-2.32386,-2.15611,-1.89080
1.8650,-2.84920,-2.49646,-2.32507,-2.15723,-1.89153
1.8675,-2.84987,-2.49762,-2.32628,-2.15835,-1.89225
1.8700,-2.85053,-2.49878,-2.32748,-2.15946,-1.89298
1.8725,-2.85119,-2.49993,-2.32868,-2.16057,-1.89370
1.8750,-2.85185,-2.50108,-2.32988,-2.16168,-1.89442
1.8775,-2.85250,-2.50222,-2.33107,-2.16278,-1.89514
1.8800,-2.85315,-2.50336,-2.33226,-2.16389,-1.89586
1.8825,-2.85380,-2.50450,-2.33345,-2.16499,-1.89658
1.8850,-2.85444,-2.50563,-2.33463,-2.16609,-1.89730
1.8875,-2.85508,-2.50676,-2.33581,-2.16719,-1.89802
1.8900,-2.85572,-2.50789,-2.33699,-2.16828,-1.89874
1.8925,-2.85635,-2.50901,-2.33816,-2.16937,-1.89945
1.8950,-2.85699,-2.51012,-2.33933,-2.17046,-1.90017
1.8975,-2.85761,-2.51123,-2.34049,-2.17155,-1.90088
1.9000,-2.85824,-2.51234,-2.34166,-2.17264,-1.90160
1.9025,-2.85886,-2.51344,-2.34282,-2.17372,-1.90231
1.9050,-2.85948,-2.51454,-2.34397,-2.17480,-1.90302
1.9075,-2.86010,-2.51564,-2.34513,-2.17588,-1.90374
1.9100,-2.86071,-2.51673,-2.34628,-2.17696,-1.90445
1.9125,-2.86132,-2.51782,-2.34742,-2.17803,-1.90516
1.9150,-2.86193,-2.51890,-2.34857,-2.17910,-1.90587
1.9175,-2.86253,-2.51999,-2.34971,-2.18017,-1.90658
1.9200,-2.86314,-2.52106,-2.35085,-2.18124,-1.90729
1.9225,-2.86373,-2.52213,-2.35198,-2.18231,-1.90799
1.9250,-2.86433,-2.52320,-2.35311,-2.18337,-1.90870
1.9275,-2.86492,-2.52427,-2.35424,-2.18443,-1.90941
1.9300,-2.86551,-2.52533,-2.35536,-2.18549,-1.91011
1.9325,-2.86610,-2.52639,-2.35649,-2.18655,-1.91082
1.9350,-2.86669,-2.52744,-2.35760,-2.18760,-1.91152
1.9375,-2.86727,-2.52849,-2.35872,-2.18866,-1.91222
1.9400,-2.86785,-2.52954,-2.35983,-2.18971,-1.91293
1.9425,-2.86843,-2.53058,-2.36094,-2.19076,-1.91363
1.9450,-2.86900,-2.53162,-2.36205,-2.19180,-1.91433
1.9475,-2.86957,-2.53265,-2.36315,-2.19285,-1.91503
1.9500,-2.87014,-2.53369,-2.36425,-2.19389,-1.91573
1.9525,-2.87071,-2.53471,-2.36535,-2.19493,-1.91643
1.9550,-2.87127,-2.53574,-2.36644,-2.19597,-1.91712
1.9575,-2.87183,-2.53676,-2.36753,-2.19700,-1.91782
1.9600,-2.87239,-2.53778,-2.36862,-2.19804,-1.91852
1.9625,-2.87294,-2.53879,-2.36970,-2.19907,-1.91921
1.9650,-2.87350,-2.53980,-2.37078,-2.20010,-1.91991
1.9675,-2.87405,-2.54081,-2.37186,-2.20113,-1.92060
1.9700,-2.87460,-2.54181,-2.37294,-2.20215,-1.92130
1.9725,-2.87514,-2.54281,-2.37401,-2.20318,-1.92199
1.9750,-2.87569,-2.54381,-2.37508,-2.20420,-1.92268
1.9775,-2.87623,-2.54480,-2.37615,-2.20522,-1.92337
1.9800,-2.87677,-2.54579,-2.37721,-2.20623,-1.92407
1.9825,-2.87730,-2.54678,-2.37827,-2.20725,-1.92476
1.9850,-2.87784,-2.54776,-2.37933,-2.20826,-1.92544
1.9875,-2.87837,-2.54874,-2.38039,-2.20927,-1.92613
1.9900,-2.87890,-2.54972,-2.38144,-2.21028,-1.92682
1.9925,-2.87942,-2.55069,-2.38249,-2.21129,-1.92751
1.9950,-2.87995,-2.55166,-2.38354,-2.21229,-1.92820
1.9975,-2.88047,-2.55263,-2.38458,-2.21330,-1.92888
2.0000,-2.88099,-2.55359,-2.38562,-2.21430,-1.92957
