beta,ar
0.00000,1.00000
0.00408,1.00002
0.00816,1.00007
0.01225,1.00015
0.01633,1.00027
0.02041,1.00042
0.02449,1.00060
0.02858,1.00082
0.03266,1.00107
0.03674,1.00135
0.04082,1.00167
0.04491,1.00202
0.04899,1.00241
0.05307,1.00282
0.05715,1.00328
0.06124,1.00376
0.06532,1.00428
0.06940,1.00484
0.07348,1.00543
0.07757,1.00605
0.08165,1.00671
0.08573,1.00740
0.08981,1.00813
0.09390,1.00890
0.09798,1.00969
0.10206,1.01053
0.10614,1.01140
0.11023,1.01230
0.11431,1.01324
0.11839,1.01422
0.12247,1.01523
0.12656,1.01628
0.13064,1.01736
0.13472,1.01849
0.13880,1.01965
0.14289,1.02084
0.14697,1.02208
0.15105,1.02335
0.15513,1.02466
0.15922,1.02601
0.16330,1.02740
0.16738,1.02882
0.17146,1.03029
0.17555,1.03180
0.17963,1.03334
0.18371,1.03493
0.18779,1.03656
0.19188,1.03822
0.19596,1.03993
0.20004,1.04168
0.20412,1.04348
0.20821,1.04531
0.21229,1.04719
0.21637,1.04912
0.22045,1.05108
0.22454,1.05309
0.22862,1.05515
0.23270,1.05725
0.23678,1.05940
0.24087,1.06159
0.24495,1.06383
0.24903,1.06612
0.25311,1.06845
0.25720,1.07084
0.26128,1.07327
0.26536,1.07575
0.26944,1.07828
0.27353,1.08087
0.27761,1.08350
0.28169,1.08619
0.28577,1.08893
0.28986,1.09172
0.29394,1.09457
0.29802,1.09747
0.30210,1.10043
0.30619,1.10345
0.31027,1.10652
0.31435,1.10965
0.31843,1.11284
0.32252,1.11609
0.32660,1.11940
0.33068,1.12278
0.33476,1.12621
0.33885,1.12971
0.34293,1.13327
0.34701,1.13690
0.35109,1.14060
0.35518,1.14436
0.35926,1.14819
0.36334,1.15210
0.36742,1.15607
0.37151,1.16012
0.37559,1.16423
0.37967,1.16843
0.38375,1.17270
0.38784,1.17705
0.39192,1.18147
0.39600,1.18598
0.40008,1.19057
0.40417,1.19524
0.40825,1.20000
0.41233,1.20484
0.41641,1.20977
0.42050,1.21480
0.42458,1.21991
0.42866,1.22511
0.43274,1.23042
0.43683,1.23581
0.44091,1.24131
0.44499,1.24691
0.44907,1.25261
0.45316,1.25842
0.45724,1.26433
0.46132,1.27035
0.46540,1.27649
0.46949,1.28274
0.47357,1.28910
0.47765,1.29559
0.48173,1.30220
0.48582,1.30893
0.48990,1.31579
0.49398,1.32278
0.49806,1.32991
0.50215,1.33717
0.50623,1.34457
0.51031,1.35211
0.51439,1.35980
0.51848,1.36765
0.52256,1.37564
0.52664,1.38380
0.53072,1.39211
0.53481,1.40059
0.53889,1.40924
0.54297,1.41807
0.54705,1.42708
0.55114,1.43627
0.55522,1.44564
0.55930,1.45522
0.56338,1.46499
0.56747,1.47496
0.57155,1.48515
0.57563,1.49555
0.57971,1.50618
0.58380,1.51703
0.58788,1.52812
0.59196,1.53945
0.59604,1.55103
0.60012,1.56287
0.60421,1.57497
0.60829,1.58734
0.61237,1.60000
0.61645,1.61295
0.62054,1.62619
0.62462,1.63975
0.62870,1.65362
0.63278,1.66782
0.63687,1.68237
0.64095,1.69726
0.64503,1.71252
0.64911,1.72816
0.65320,1.74419
0.65728,1.76062
0.66136,1.77746
0.66544,1.79474
0.66953,1.81247
0.67361,1.83066
0.67769,1.84934
0.68177,1.86852
0.68586,1.88822
0.68994,1.90846
0.69402,1.92926
0.69810,1.95065
0.70219,1.97265
0.70627,1.99528
0.71035,2.01857
0.71443,2.04255
0.71852,2.06725
0.72260,2.09271
0.72668,2.11894
0.73076,2.14600
0.73485,2.17391
0.73893,2.20272
0.74301,2.23248
0.74709,2.26321
0.75118,2.29498
0.75526,2.32784
0.75934,2.36183
0.76342,2.39703
0.76751,2.43348
0.77159,2.47127
0.77567,2.51046
0.77975,2.55113
0.78384,2.59336
0.78792,2.63725
0.79200,2.68288
0.79608,2.73038
0.80017,2.77984
0.80425,2.83139
0.80833,2.88517
0.81241,2.94132
0.81650,3.00000
nan,nan
1.15470,3.00000
1.15893,2.91450
1.16315,2.83345
1.16738,2.75652
1.17161,2.68340
1.17583,2.61381
1.18006,2.54751
1.18429,2.48427
1.18851,2.42388
1.19274,2.36616
1.19697,2.31093
1.20119,2.25804
1.20542,2.20734
1.20965,2.15870
1.21387,2.11200
1.21810,2.06713
1.22232,2.02398
1.22655,1.98245
1.23078,1.94245
1.23500,1.90391
1.23923,1.86674
1.24346,1.83088
1.24768,1.79625
1.25191,1.76280
1.25614,1.73047
1.26036,1.69919
1.26459,1.66893
1.26882,1.63963
1.27304,1.61125
1.27727,1.58374
1.28150,1.55707
1.28572,1.53120
1.28995,1.50610
1.29417,1.48173
1.29840,1.45805
1.30263,1.43505
1.30685,1.41269
1.31108,1.39095
1.31531,1.36980
1.31953,1.34922
1.32376,1.32918
1.32799,1.30967
1.33221,1.29067
1.33644,1.27215
1.34067,1.25410
1.34489,1.23650
1.34912,1.21933
1.35335,1.20258
1.35757,1.18624
1.36180,1.17028
1.36603,1.15470
1.37025,1.13948
1.37448,1.12462
1.37870,1.11009
1.38293,1.09589
1.38716,1.08201
1.39138,1.06843
1.39561,1.05515
1.39984,1.04216
1.40406,1.02945
1.40829,1.01700
1.41252,1.00482
1.41674,0.99289
1.42097,0.98120
1.42520,0.96976
1.42942,0.95854
1.43365,0.94755
1.43788,0.93678
1.44210,0.92622
1.44633,0.91586
1.45056,0.90571
1.45478,0.89574
1.45901,0.88597
1.46323,0.87638
1.46746,0.86697
1.47169,0.85773
1.47591,0.84866
1.48014,0.83976
1.48437,0.83102
1.48859,0.82243
1.49282,0.81399
1.49705,0.80570
1.50127,0.79756
1.50550,0.78956
1.50973,0.78169
1.51395,0.77396
1.51818,0.76636
1.52241,0.75889
1.52663,0.75154
1.53086,0.74431
1.53509,0.73720
1.53931,0.73020
1.54354,0.72332
1.54776,0.71655
1.55199,0.70989
1.55622,0.70333
1.56044,0.69687
1.56467,0.69051
1.56890,0.68426
1.57312,0.67810
1.57735,0.67203
1.58158,0.66605
1.58580,0.66017
1.59003,0.65437
1.59426,0.64865
1.59848,0.64303
1.60271,0.63748
1.60694,0.63201
1.61116,0.62663
1.61539,0.62132
1.61962,0.61608
1.62384,0.61093
1.62807,0.60584
1.63229,0.60082
1.63652,0.59588
1.64075,0.59100
1.64497,0.58619
1.64920,0.58144
1.65343,0.57676
1.65765,0.57214
1.66188,0.56759
1.66611,0.56309
1.67033,0.55866
1.67456,0.55428
1.67879,0.54996
1.68301,0.54569
1.68724,0.54148
1.69147,0.53733
1.69569,0.53323
1.69992,0.52918
1.70415,0.52518
1.70837,0.52123
1.71260,0.51733
1.71682,0.51348
1.72105,0.50968
1.72528,0.50592
1.72950,0.50221
1.73373,0.49855
1.73796,0.49493
1.74218,0.49135
1.74641,0.48782
1.75064,0.48433
1.75486,0.48087
1.75909,0.47746
1.76332,0.47409
1.76754,0.47076
1.77177,0.46747
1.77600,0.46422
1.78022,0.46100
1.78445,0.45782
1.78868,0.45468
1.79290,0.45157
1.79713,0.44850
1.80135,0.44546
1.80558,0.44245
1.80981,0.43948
1.81403,0.43654
1.81826,0.43364
1.82249,0.43076
1.82671,0.42792
1.83094,0.42511
1.83517,0.42233
1.83939,0.41957
1.84362,0.41685
1.84785,0.41416
1.85207,0.41149
1.85630,0.40886
1.86053,0.40625
1.86475,0.40367
1.86898,0.40111
1.87321,0.39858
1.87743,0.39608
1.88166,0.39360
1.88588,0.39115
1.89011,0.38872
1.89434,0.38632
1.89856,0.38394
1.90279,0.38159
1.90702,0.37926
1.91124,0.37695
1.91547,0.37467
1.91970,0.37241
1.92392,0.37017
1.92815,0.36795
1.93238,0.36575
1.93660,0.36358
1.94083,0.36143
1.94506,0.35929
1.94928,0.35718
1.95351,0.35509
1.95774,0.35302
1.96196,0.35096
1.96619,0.34893
1.97041,0.34692
1.97464,0.34492
1.97887,0.34295
1.98309,0.34099
1.98732,0.33905
1.99155,0.33712
1.99577,0.33522
2.00000,0.33333
