r,y
-0.208333,-1.000000
-0.206019,-0.977901
-0.203704,-0.956049
-0.201389,-0.934444
-0.199074,-0.913086
-0.196759,-0.891975
-0.194444,-0.871111
-0.192130,-0.850494
-0.189815,-0.830123
-0.187500,-0.810000
-0.185185,-0.790123
-0.182870,-0.770494
-0.180556,-0.751111
-0.178241,-0.731975
-0.175926,-0.713086
-0.173611,-0.694444
-0.171296,-0.676049
-0.168981,-0.657901
-0.166667,-0.640000
-0.164352,-0.622346
-0.162037,-0.604938
-0.159722,-0.587778
-0.157407,-0.570864
-0.155093,-0.554198
-0.152778,-0.537778
-0.150463,-0.521605
-0.148148,-0.505679
-0.145833,-0.490000
-0.143519,-0.474568
-0.141204,-0.459383
-0.138889,-0.444444
-0.136574,-0.429753
-0.134259,-0.415309
-0.131944,-0.401111
-0.129630,-0.387160
-0.127315,-0.373457
-0.125000,-0.360000
-0.122685,-0.346790
-0.120370,-0.333827
-0.118056,-0.321111
-0.115741,-0.308642
-0.113426,-0.296420
-0.111111,-0.284444
-0.108796,-0.272716
-0.106481,-0.261235
-0.104167,-0.250000
-0.101852,-0.239012
-0.099537,-0.228272
-0.097222,-0.217778
-0.094907,-0.207531
-0.092593,-0.197531
-0.090278,-0.187778
-0.087963,-0.178272
-0.085648,-0.169012
-0.083333,-0.160000
-0.081019,-0.151235
-0.078704,-0.142716
-0.076389,-0.134444
-0.074074,-0.126420
-0.071759,-0.118642
-0.069444,-0.111111
-0.067130,-0.103827
-0.064815,-0.096790
-0.062500,-0.090000
-0.060185,-0.083457
-0.057870,-0.077160
-0.055556,-0.071111
-0.053241,-0.065309
-0.050926,-0.059753
-0.048611,-0.054444
-0.046296,-0.049383
-0.043981,-0.044568
-0.041667,-0.040000
-0.039352,-0.035679
-0.037037,-0.031605
-0.034722,-0.027778
-0.032407,-0.024198
-0.030093,-0.020864
-0.027778,-0.017778
-0.025463,-0.014938
-0.023148,-0.012346
-0.020833,-0.010000
-0.018519,-0.007901
-0.016204,-0.006049
-0.013889,-0.004444
-0.011574,-0.003086
-0.009259,-0.001975
-0.006944,-0.001111
-0.004630,-0.000494
-0.002315,-0.000123
0.000000,0.000000
0.002315,-0.000123
0.004630,-0.000494
0.006944,-0.001111
0.009259,-0.001975
0.011574,-0.003086
0.013889,-0.004444
0.016204,-0.006049
0.018519,-0.007901
0.020833,-0.010000
0.023148,-0.012346
0.025463,-0.014938
0.027778,-0.017778
0.030093,-0.020864
0.032407,-0.024198
0.034722,-0.027778
0.037037,-0.031605
0.039352,-0.035679
0.041667,-0.040000
0.043981,-0.044568
0.046296,-0.049383
0.048611,-0.054444
0.050926,-0.059753
0.053241,-0.065309
0.055556,-0.071111
0.057870,-0.077160
0.060185,-0.083457
0.062500,-0.090000
0.064815,-0.096790
0.067130,-0.103827
0.069444,-0.111111
0.071759,-0.118642
0.074074,-0.126420
0.076389,-0.134444
0.078704,-0.142716
0.081019,-0.151235
0.083333,-0.160000
0.085648,-0.169012
0.087963,-0.178272
0.090278,-0.187778
0.092593,-0.197531
0.094907,-0.207531
0.097222,-0.217778
0.099537,-0.228272
0.101852,-0.239012
0.104167,-0.250000
0.106481,-0.261235
0.108796,-0.272716
0.111111,-0.284444
0.113426,-0.296420
0.115741,-0.308642
0.118056,-0.321111
0.120370,-0.333827
0.122685,-0.346790
0.125000,-0.360000
0.127315,-0.373457
0.129630,-0.387160
0.131944,-0.401111
0.134259,-0.415309
0.136574,-0.429753
0.138889,-0.444444
0.141204,-0.459383
0.143519,-0.474568
0.145833,-0.490000
0.148148,-0.505679
0.150463,-0.521605
0.152778,-0.537778
0.155093,-0.554198
0.157407,-0.570864
0.159722,-0.587778
0.162037,-0.604938
0.164352,-0.622346
0.166667,-0.640000
0.168981,-0.657901
0.171296,-0.676049
0.173611,-0.694444
0.175926,-0.713086
0.178241,-0.731975
0.180556,-0.751111
0.182870,-0.770494
0.185185,-0.790123
0.187500,-0.810000
0.189815,-0.830123
0.192130,-0.850494
0.194444,-0.871111
0.196759,-0.891975
0.199074,-0.913086
0.201389,-0.934444
0.203704,-0.956049
0.206019,-0.977901
0.208333,-1.000000
