m0,fm_kmin,cb_kmin,fm_kmax,cb_kmax
0.1100,1.085,-4.777,0.089,-1.435
0.1125,1.013,-4.918,0.072,-1.517
0.1150,0.942,-5.058,0.054,-1.599
0.1175,0.873,-5.198,0.036,-1.679
0.1200,0.805,-5.337,0.016,-1.758
0.1225,0.738,-5.474,-0.006,-1.837
0.1250,0.672,-5.608,-0.029,-1.915
0.1275,0.609,-5.739,-0.053,-1.992
0.1300,0.546,-5.865,-0.077,-2.069
0.1325,0.484,-5.987,-0.104,-2.146
0.1350,0.422,-6.103,-0.133,-2.220
0.1375,0.359,-6.215,-0.165,-2.294
0.1400,0.297,-6.325,-0.202,-2.366
0.1425,0.236,-6.434,-0.242,-2.438
0.1450,0.175,-6.541,-0.282,-2.510
0.1475,0.117,-6.646,-0.320,-2.584
0.1500,0.062,-6.747,-0.355,-2.659
0.1525,0.008,-6.845,-0.385,-2.736
0.1550,-0.046,-6.936,-0.413,-2.812
0.1575,-0.101,-7.022,-0.438,-2.888
0.1600,-0.159,-7.102,-0.463,-2.963
0.1625,-0.219,-7.177,-0.484,-3.038
0.1650,-0.282,-7.248,-0.505,-3.113
0.1675,-0.345,-7.318,-0.525,-3.188
0.1700,-0.405,-7.386,-0.548,-3.265
0.1725,-0.462,-7.453,-0.574,-3.342
0.1750,-0.515,-7.519,-0.602,-3.419
0.1775,-0.565,-7.583,-0.631,-3.495
0.1800,-0.614,-7.644,-0.660,-3.569
0.1825,-0.660,-7.701,-0.691,-3.642
0.1850,-0.705,-7.756,-0.723,-3.717
0.1875,-0.748,-7.807,-0.757,-3.792
0.1900,-0.791,-7.856,-0.793,-3.867
0.1925,-0.833,-7.902,-0.832,-3.941
0.1950,-0.874,-7.947,-0.873,-4.016
0.1975,-0.915,-7.989,-0.915,-4.093
0.2000,-0.956,-8.030,-0.958,-4.170
0.2025,-0.998,-8.070,-1.001,-4.250
0.2050,-1.039,-8.111,-1.045,-4.330
0.2075,-1.082,-8.152,-1.089,-4.411
0.2100,-1.125,-8.193,-1.132,-4.491
0.2125,-1.169,-8.231,-1.174,-4.570
0.2150,-1.216,-8.267,-1.214,-4.647
0.2175,-1.266,-8.300,-1.252,-4.723
0.2200,-1.320,-8.331,-1.288,-4.798
0.2225,-1.379,-8.359,-1.321,-4.871
0.2250,-1.442,-8.385,-1.351,-4.944
0.2275,-1.510,-8.408,-1.377,-5.016
0.2300,-1.580,-8.430,-1.398,-5.090
0.2325,-1.651,-8.449,-1.417,-5.164
0.2350,-1.719,-8.468,-1.436,-5.241
0.2375,-1.784,-8.485,-1.457,-5.318
0.2400,-1.845,-8.504,-1.481,-5.396
0.2425,-1.905,-8.522,-1.506,-5.474
0.2450,-1.963,-8.541,-1.534,-5.552
0.2475,-2.022,-8.557,-1.566,-5.628
0.2500,-2.082,-8.571,-1.599,-5.703
0.2525,-2.144,-8.582,-1.634,-5.776
0.2550,-2.207,-8.590,-1.669,-5.849
0.2575,-2.271,-8.596,-1.703,-5.922
0.2600,-2.335,-8.601,-1.735,-5.995
0.2625,-2.400,-8.605,-1.765,-6.070
0.2650,-2.463,-8.610,-1.796,-6.146
0.2675,-2.527,-8.615,-1.828,-6.223
0.2700,-2.591,-8.622,-1.861,-6.300
0.2725,-2.656,-8.630,-1.893,-6.379
0.2750,-2.722,-8.639,-1.925,-6.457
0.2775,-2.787,-8.648,-1.955,-6.534
0.2800,-2.853,-8.657,-1.984,-6.610
0.2825,-2.920,-8.666,-2.013,-6.684
0.2850,-2.989,-8.674,-2.043,-6.757
0.2875,-3.058,-8.682,-2.075,-6.828
0.2900,-3.126,-8.688,-2.105,-6.898
0.2925,-3.194,-8.694,-2.136,-6.967
0.2950,-3.261,-8.698,-2.165,-7.035
0.2975,-3.328,-8.701,-2.192,-7.103
0.3000,-3.395,-8.705,-2.218,-7.170
