x,y,t
0.000,0.000,0.0000
0.000,0.000,0.0100
0.000,0.000,0.0200
0.001,0.001,0.0300
0.002,0.004,0.0400
0.005,0.009,0.0500
0.010,0.017,0.0600
0.017,0.030,0.0700
0.027,0.047,0.0800
0.040,0.070,0.0900
0.057,0.099,0.1000
0.078,0.136,0.1100
0.104,0.181,0.1200
0.135,0.234,0.1300
0.172,0.298,0.1400
0.215,0.372,0.1500
0.263,0.455,0.1600
0.316,0.547,0.1700
0.373,0.646,0.1800
0.434,0.752,0.1900
0.498,0.863,0.2000
0.565,0.978,0.2100
0.634,1.096,0.2200
0.705,1.216,0.2300
0.777,1.338,0.2400
0.851,1.462,0.2500
0.927,1.587,0.2600
1.004,1.714,0.2700
1.083,1.843,0.2800
1.163,1.973,0.2900
1.245,2.105,0.3000
1.329,2.239,0.3100
1.414,2.374,0.3200
1.502,2.511,0.3300
1.590,2.650,0.3400
1.681,2.790,0.3500
1.773,2.932,0.3600
1.866,3.075,0.3700
1.962,3.220,0.3800
2.059,3.366,0.3900
2.157,3.514,0.4000
2.258,3.663,0.4100
2.360,3.814,0.4200
2.463,3.967,0.4300
2.568,4.120,0.4400
2.675,4.275,0.4500
2.784,4.432,0.4600
2.894,4.590,0.4700
3.006,4.749,0.4800
3.119,4.910,0.4900
3.234,5.072,0.5000
3.351,5.235,0.5100
3.469,5.400,0.5200
3.589,5.566,0.5300
3.711,5.733,0.5400
3.834,5.901,0.5500
3.959,6.071,0.5600
4.086,6.242,0.5700
4.214,6.414,0.5800
4.344,6.587,0.5900
4.475,6.762,0.6000
4.608,6.937,0.6100
4.743,7.114,0.6200
4.879,7.292,0.6300
5.016,7.471,0.6400
5.156,7.651,0.6500
5.297,7.832,0.6600
5.439,8.014,0.6700
5.583,8.197,0.6800
5.729,8.381,0.6900
5.876,8.566,0.7000
6.025,8.752,0.7100
6.175,8.940,0.7200
6.327,9.128,0.7300
6.481,9.317,0.7400
6.636,9.506,0.7500
6.792,9.697,0.7600
6.950,9.889,0.7700
7.110,10.082,0.7800
7.271,10.275,0.7900
7.434,10.469,0.8000
7.598,10.664,0.8100
7.764,10.860,0.8200
7.931,11.057,0.8300
8.100,11.254,0.8400
8.270,11.452,0.8500
8.441,11.651,0.8600
8.614,11.851,0.8700
8.789,12.051,0.8800
8.965,12.252,0.8900
9.142,12.454,0.9000
9.321,12.657,0.9100
9.502,12.860,0.9200
9.684,13.063,0.9300
9.867,13.268,0.9400
10.052,13.473,0.9500
10.238,13.678,0.9600
10.425,13.884,0.9700
10.614,14.091,0.9800
10.804,14.298,0.9900
10.996,14.506,1.0000
11.189,14.714,1.0100
11.384,14.923,1.0200
11.580,15.132,1.0300
11.777,15.342,1.0400
11.975,15.552,1.0500
12.175,15.762,1.0600
12.377,15.973,1.0700
12.579,16.185,1.0800
12.783,16.397,1.0900
12.988,16.609,1.1000
13.195,16.822,1.1100
13.403,17.035,1.1200
13.612,17.248,1.1300
13.823,17.462,1.1400
14.034,17.676,1.1500
14.247,17.890,1.1600
14.462,18.105,1.1700
14.677,18.320,1.1800
14.894,18.535,1.1900
15.113,18.751,1.2000
15.331,18.965,1.2100
15.547,19.177,1.2200
15.762,19.387,1.2300
15.976,19.594,1.2400
16.189,19.799,1.2500
16.400,20.002,1.2600
16.609,20.203,1.2700
16.818,20.401,1.2800
17.025,20.597,1.2900
17.231,20.791,1.3000
17.435,20.982,1.3100
17.639,21.172,1.3200
17.841,21.359,1.3300
18.042,21.545,1.3400
18.241,21.728,1.3500
18.440,21.909,1.3600
18.637,22.088,1.3700
18.833,22.265,1.3800
19.028,22.440,1.3900
19.222,22.614,1.4000
19.415,22.785,1.4100
19.607,22.954,1.4200
19.798,23.121,1.4300
19.988,23.287,1.4400
20.176,23.451,1.4500
20.364,23.612,1.4600
20.551,23.772,1.4700
20.736,23.930,1.4800
20.921,24.086,1.4900
21.105,24.241,1.5000
21.287,24.394,1.5100
21.469,24.544,1.5200
21.650,24.694,1.5300
21.830,24.841,1.5400
22.009,24.987,1.5500
22.187,25.131,1.5600
22.364,25.273,1.5700
22.541,25.413,1.5800
22.716,25.552,1.5900
22.891,25.690,1.6000
23.065,25.825,1.6100
23.238,25.959,1.6200
23.410,26.092,1.6300
23.581,26.223,1.6400
23.752,26.352,1.6500
23.922,26.479,1.6600
24.091,26.605,1.6700
24.259,26.730,1.6800
24.426,26.853,1.6900
24.593,26.974,1.7000
24.759,27.094,1.7100
24.924,27.213,1.7200
25.088,27.330,1.7300
25.252,27.445,1.7400
25.415,27.559,1.7500
25.578,27.671,1.7600
25.739,27.782,1.7700
25.900,27.892,1.7800
26.061,28.000,1.7900
26.220,28.107,1.8000
26.379,28.212,1.8100
26.537,28.316,1.8200
26.695,28.418,1.8300
26.852,28.519,1.8400
27.008,28.619,1.8500
27.164,28.717,1.8600
27.319,28.814,1.8700
27.474,28.910,1.8800
27.627,29.004,1.8900
27.781,29.097,1.9000
27.933,29.188,1.9100
28.086,29.278,1.9200
28.237,29.367,1.9300
28.388,29.455,1.9400
28.538,29.541,1.9500
28.688,29.626,1.9600
28.837,29.709,1.9700
28.986,29.792,1.9800
29.134,29.873,1.9900
29.282,29.953,2.0000
29.429,30.031,2.0100
29.575,30.108,2.0200
29.721,30.184,2.0300
29.867,30.259,2.0400
30.012,30.332,2.0500
30.156,30.405,2.0600
30.300,30.476,2.0700
30.443,30.545,2.0800
30.586,30.614,2.0900
30.729,30.681,2.1000
30.871,30.748,2.1100
31.012,30.812,2.1200
31.153,30.876,2.1300
31.294,30.939,2.1400
31.434,31.000,2.1500
31.573,31.060,2.1600
31.712,31.119,2.1700
31.851,31.177,2.1800
31.989,31.234,2.1900
32.127,31.289,2.2000
32.264,31.344,2.2100
32.401,31.397,2.2200
32.538,31.449,2.2300
32.674,31.500,2.2400
32.809,31.550,2.2500
32.944,31.598,2.2600
33.079,31.646,2.2700
33.213,31.692,2.2800
33.347,31.737,2.2900
33.481,31.781,2.3000
33.614,31.824,2.3100
33.747,31.866,2.3200
33.879,31.907,2.3300
34.011,31.947,2.3400
34.142,31.985,2.3500
34.273,32.023,2.3600
34.404,32.059,2.3700
34.534,32.095,2.3800
34.664,32.129,2.3900
34.794,32.162,2.4000
34.923,32.194,2.4100
35.052,32.225,2.4200
35.180,32.255,2.4300
35.308,32.284,2.4400
35.436,32.312,2.4500
35.563,32.339,2.4600
35.690,32.364,2.4700
35.817,32.389,2.4800
35.943,32.413,2.4900
36.069,32.435,2.5000
36.194,32.457,2.5100
36.320,32.477,2.5200
36.445,32.497,2.5300
36.569,32.515,2.5400
36.693,32.533,2.5500
36.817,32.549,2.5600
36.941,32.564,2.5700
37.064,32.579,2.5800
37.187,32.592,2.5900
37.309,32.604,2.6000
37.431,32.616,2.6100
37.553,32.626,2.6200
37.675,32.635,2.6300
37.796,32.643,2.6400
37.917,32.651,2.6500
38.037,32.657,2.6600
38.158,32.662,2.6700
38.277,32.666,2.6800
38.397,32.670,2.6900
38.516,32.672,2.7000
38.635,32.673,2.7100
38.735,32.674,2.7184
38.754,32.674,2.7200
38.872,32.673,2.7300
38.991,32.671,2.7400
39.108,32.669,2.7500
39.226,32.665,2.7600
39.343,32.661,2.7700
39.460,32.655,2.7800
39.576,32.649,2.7900
39.693,32.641,2.8000
39.809,32.633,2.8100
39.924,32.624,2.8200
40.040,32.613,2.8300
40.155,32.602,2.8400
40.270,32.590,2.8500
40.384,32.577,2.8600
40.498,32.562,2.8700
40.612,32.547,2.8800
40.726,32.531,2.8900
40.839,32.514,2.9000
40.953,32.497,2.9100
41.065,32.478,2.9200
41.178,32.458,2.9300
41.290,32.437,2.9400
41.402,32.416,2.9500
41.514,32.393,2.9600
41.625,32.370,2.9700
41.736,32.346,2.9800
41.847,32.320,2.9900
41.958,32.294,3.0000
42.068,32.267,3.0100
42.178,32.239,3.0200
42.288,32.210,3.0300
42.398,32.180,3.0400
42.507,32.149,3.0500
42.616,32.118,3.0600
42.724,32.085,3.0700
42.833,32.052,3.0800
42.941,32.017,3.0900
43.049,31.982,3.1000
43.157,31.946,3.1100
43.264,31.909,3.1200
43.371,31.871,3.1300
43.478,31.832,3.1400
43.584,31.793,3.1500
43.691,31.752,3.1600
43.797,31.711,3.1700
43.902,31.668,3.1800
44.008,31.625,3.1900
44.113,31.581,3.2000
44.218,31.536,3.2100
44.323,31.491,3.2200
44.427,31.444,3.2300
44.532,31.396,3.2400
44.636,31.348,3.2500
44.739,31.299,3.2600
44.843,31.249,3.2700
44.946,31.198,3.2800
45.049,31.146,3.2900
45.151,31.093,3.3000
45.254,31.040,3.3100
45.356,30.985,3.3200
45.458,30.930,3.3300
45.559,30.874,3.3400
45.661,30.817,3.3500
45.762,30.760,3.3600
45.863,30.701,3.3700
45.963,30.642,3.3800
46.064,30.582,3.3900
46.164,30.521,3.4000
46.263,30.459,3.4100
46.363,30.396,3.4200
46.462,30.333,3.4300
46.561,30.269,3.4400
46.660,30.203,3.4500
46.759,30.138,3.4600
46.857,30.071,3.4700
46.955,30.003,3.4800
47.053,29.935,3.4900
47.150,29.866,3.5000
47.248,29.796,3.5100
47.345,29.725,3.5200
47.441,29.654,3.5300
47.538,29.581,3.5400
47.634,29.508,3.5500
47.730,29.434,3.5600
47.826,29.360,3.5700
47.921,29.284,3.5800
48.017,29.208,3.5900
48.112,29.131,3.6000
48.206,29.053,3.6100
48.301,28.975,3.6200
48.395,28.896,3.6300
48.489,28.815,3.6400
48.583,28.735,3.6500
48.676,28.653,3.6600
48.769,28.571,3.6700
48.862,28.488,3.6800
48.955,28.404,3.6900
49.048,28.319,3.7000
49.140,28.234,3.7100
49.232,28.148,3.7200
49.323,28.061,3.7300
49.415,27.973,3.7400
49.506,27.885,3.7500
49.597,27.796,3.7600
49.688,27.706,3.7700
49.778,27.615,3.7800
49.868,27.524,3.7900
49.958,27.432,3.8000
50.048,27.340,3.8100
50.137,27.246,3.8200
50.227,27.152,3.8300
50.315,27.057,3.8400
50.404,26.962,3.8500
50.493,26.865,3.8600
50.581,26.768,3.8700
50.669,26.671,3.8800
50.756,26.572,3.8900
50.844,26.473,3.9000
50.931,26.374,3.9100
51.018,26.273,3.9200
51.104,26.172,3.9300
51.191,26.070,3.9400
51.277,25.968,3.9500
51.363,25.865,3.9600
51.448,25.761,3.9700
51.534,25.656,3.9800
51.619,25.551,3.9900
51.704,25.445,4.0000
51.789,25.339,4.0100
51.873,25.232,4.0200
51.957,25.124,4.0300
52.041,25.015,4.0400
52.125,24.906,4.0500
52.208,24.796,4.0600
52.291,24.686,4.0700
52.374,24.575,4.0800
52.457,24.463,4.0900
52.539,24.351,4.1000
52.621,24.237,4.1100
52.703,24.124,4.1200
52.785,24.010,4.1300
52.866,23.895,4.1400
52.947,23.779,4.1500
53.028,23.663,4.1600
53.109,23.546,4.1700
53.189,23.429,4.1800
53.269,23.311,4.1900
53.349,23.192,4.2000
53.429,23.073,4.2100
53.508,22.953,4.2200
53.587,22.833,4.2300
53.666,22.712,4.2400
53.745,22.590,4.2500
53.823,22.468,4.2600
53.901,22.345,4.2700
53.979,22.221,4.2800
54.057,22.097,4.2900
54.134,21.973,4.3000
54.211,21.848,4.3100
54.288,21.722,4.3200
54.365,21.596,4.3300
54.441,21.469,4.3400
54.518,21.341,4.3500
54.593,21.213,4.3600
54.669,21.085,4.3700
54.745,20.955,4.3800
54.820,20.826,4.3900
54.895,20.696,4.4000
54.969,20.565,4.4100
55.044,20.433,4.4200
55.118,20.301,4.4300
55.192,20.169,4.4400
55.266,20.036,4.4500
55.339,19.902,4.4600
55.412,19.768,4.4700
55.485,19.634,4.4800
55.558,19.499,4.4900
55.631,19.363,4.5000
55.703,19.227,4.5100
55.775,19.090,4.5200
55.847,18.953,4.5300
55.918,18.815,4.5400
55.989,18.677,4.5500
56.060,18.538,4.5600
56.131,18.399,4.5700
56.202,18.259,4.5800
56.272,18.119,4.5900
56.342,17.978,4.6000
56.412,17.837,4.6100
56.481,17.695,4.6200
56.551,17.553,4.6300
56.620,17.410,4.6400
56.689,17.267,4.6500
56.757,17.123,4.6600
56.826,16.979,4.6700
56.894,16.835,4.6800
56.962,16.689,4.6900
57.030,16.544,4.7000
57.097,16.398,4.7100
57.164,16.251,4.7200
57.231,16.104,4.7300
57.298,15.957,4.7400
57.364,15.809,4.7500
57.431,15.661,4.7600
57.497,15.512,4.7700
57.563,15.362,4.7800
57.628,15.213,4.7900
57.693,15.063,4.8000
57.758,14.912,4.8100
57.823,14.761,4.8200
57.888,14.609,4.8300
57.952,14.458,4.8400
58.017,14.305,4.8500
58.080,14.152,4.8600
58.144,13.999,4.8700
58.208,13.846,4.8800
58.271,13.691,4.8900
58.334,13.537,4.9000
58.397,13.382,4.9100
58.459,13.227,4.9200
58.522,13.071,4.9300
58.584,12.915,4.9400
58.646,12.758,4.9500
58.707,12.602,4.9600
58.769,12.444,4.9700
58.830,12.286,4.9800
58.891,12.128,4.9900
58.952,11.970,5.0000
59.012,11.811,5.0100
59.072,11.652,5.0200
59.132,11.492,5.0300
59.192,11.332,5.0400
59.252,11.171,5.0500
59.311,11.011,5.0600
59.370,10.849,5.0700
59.429,10.688,5.0800
59.488,10.526,5.0900
59.547,10.363,5.1000
59.605,10.201,5.1100
59.663,10.038,5.1200
59.721,9.874,5.1300
59.778,9.710,5.1400
59.836,9.546,5.1500
59.893,9.382,5.1600
59.950,9.217,5.1700
60.007,9.052,5.1800
60.063,8.886,5.1900
60.120,8.720,5.2000
60.176,8.554,5.2100
60.232,8.387,5.2200
60.287,8.220,5.2300
60.343,8.053,5.2400
60.398,7.886,5.2500
60.453,7.718,5.2600
60.508,7.549,5.2700
60.563,7.381,5.2800
60.617,7.212,5.2900
60.671,7.043,5.3000
60.725,6.873,5.3100
60.779,6.703,5.3200
60.833,6.533,5.3300
60.886,6.362,5.3400
60.939,6.192,5.3500
60.992,6.020,5.3600
61.045,5.849,5.3700
61.098,5.677,5.3800
61.150,5.505,5.3900
61.202,5.333,5.4000
61.254,5.160,5.4100
61.306,4.987,5.4200
61.357,4.814,5.4300
61.408,4.640,5.4400
61.460,4.466,5.4500
61.510,4.292,5.4600
61.561,4.118,5.4700
61.612,3.943,5.4800
61.662,3.768,5.4900
61.712,3.593,5.5000
61.762,3.417,5.5100
61.812,3.241,5.5200
61.861,3.065,5.5300
61.911,2.888,5.5400
61.960,2.712,5.5500
62.009,2.535,5.5600
62.057,2.358,5.5700
62.106,2.180,5.5800
62.154,2.002,5.5900
62.202,1.824,5.6000
62.250,1.646,5.6100
62.298,1.467,5.6200
62.346,1.289,5.6300
62.393,1.109,5.6400
62.440,0.930,5.6500
62.487,0.751,5.6600
62.534,0.571,5.6700
62.581,0.391,5.6800
62.627,0.210,5.6900
62.673,0.030,5.7000
62.681,0.000,5.7016
