k,m0,ymax
0.00003208,0.023135,700.00
0.00003427,0.023405,672.86
0.00003662,0.023678,646.75
0.00003913,0.023955,621.64
0.00004181,0.024235,597.48
0.00004468,0.024518,574.24
0.00004774,0.024805,551.90
0.00005101,0.025094,530.41
0.00005450,0.025387,509.74
0.00005824,0.025683,489.87
0.00006223,0.025982,470.77
0.00006649,0.026284,452.40
0.00007104,0.026589,434.74
0.00007591,0.026896,417.77
0.00008111,0.027206,401.46
0.00008667,0.027518,385.78
0.00009261,0.027833,370.71
0.00009895,0.028150,356.22
0.00010573,0.028468,342.30
0.00011297,0.028789,328.93
0.00012071,0.029111,316.08
0.00012898,0.029434,303.73
0.00013782,0.029758,291.87
0.00014726,0.030084,280.47
0.00015735,0.030409,269.52
0.00016813,0.030735,259.00
0.00017965,0.031061,248.89
0.00019196,0.031386,239.18
0.00020511,0.031711,229.86
0.00021916,0.032034,220.90
0.00023418,0.032356,212.30
0.00025022,0.032676,204.04
0.00026736,0.032993,196.11
0.00028568,0.033307,188.49
0.00030525,0.033617,181.17
0.00032616,0.033923,174.14
0.00034851,0.034224,167.39
0.00037238,0.034519,160.91
0.00039790,0.034808,154.69
0.00042516,0.035090,148.72
0.00045428,0.035365,142.98
0.00048541,0.035630,137.47
0.00051866,0.035886,132.19
0.00055420,0.036132,127.11
0.00059216,0.036366,122.23
0.00063273,0.036587,117.55
0.00067608,0.036796,113.06
0.00072240,0.036989,108.74
0.00077189,0.037167,104.60
0.00082477,0.037328,100.63
0.00088128,0.037472,96.81
0.00094165,0.037596,93.14
0.00100617,0.037701,89.63
0.00107510,0.037784,86.25
0.00114875,0.037846,83.01
0.00122746,0.037885,79.89
0.00131155,0.037900,76.90
0.00140140,0.037891,74.03
0.00149741,0.037857,71.28
0.00160000,0.037799,68.63
